Name,Link,Date Filed
THE CIRCUIT LLC,/Inquiry/CorporationSearch/SearchResultDetail?inquirytype=EntityName&directionType=Initial&searchNameOrder=CIRCUIT%20L060000400250&aggregateId=flal-l06000040025-a1a8ea44-65b9-40f2-9368-d9297c28ded9&searchTerm=circuit&listNameOrder=CIRCUIT%20L060000400250,04/18/2006
"CIRCUIT COMPANY, INC.",/Inquiry/CorporationSearch/SearchResultDetail?inquirytype=EntityName&directionType=Initial&searchNameOrder=CIRCUIT%20M859840&aggregateId=domp-m85984-fedacf70-4d84-4ca7-bdca-3fb4aa2a8cb5&searchTerm=circuit&listNameOrder=CIRCUIT%20L060000400250,06/17/1988
THE CIRCUIT INC.,/Inquiry/CorporationSearch/SearchResultDetail?inquirytype=EntityName&directionType=Initial&searchNameOrder=CIRCUIT%20N513280&aggregateId=domnp-n51328-7f261b92-a411-4954-a86c-b46ca60083c6&searchTerm=circuit&listNameOrder=CIRCUIT%20L060000400250,10/15/1992
"CIRCUIT, INC.",/Inquiry/CorporationSearch/SearchResultDetail?inquirytype=EntityName&directionType=Initial&searchNameOrder=CIRCUIT%20P140000620120&aggregateId=domp-p14000062012-052d4fa1-689d-47a1-9ec6-22d27cc51bc8&searchTerm=circuit&listNameOrder=CIRCUIT%20L060000400250,07/23/2014
"CIRCUIT 14 HUMAN TRAFFICKING TASK FORCE, INC.",/Inquiry/CorporationSearch/SearchResultDetail?inquirytype=EntityName&directionType=Initial&searchNameOrder=CIRCUIT14HUMANTRAFFICKINGTASKF%20N230000038470&aggregateId=domnp-n23000003847-fa4aa519-8004-4b64-b9b7-bf6b61762fd4&searchTerm=circuit&listNameOrder=CIRCUIT%20L060000400250,03/31/2023
CIRCUIT16 LLC,/Inquiry/CorporationSearch/SearchResultDetail?inquirytype=EntityName&directionType=Initial&searchNameOrder=CIRCUIT16%20L210001931050&aggregateId=flal-l21000193105-46690e67-f5e6-473a-8d54-6046f50b9770&searchTerm=circuit&listNameOrder=CIRCUIT%20L060000400250,04/26/2021
"CIRCUIT 19 BAR ASSOCIATION, LLC",/Inquiry/CorporationSearch/SearchResultDetail?inquirytype=EntityName&directionType=Initial&searchNameOrder=CIRCUIT19BARASSOCIATION%20L130000901840&aggregateId=flal-l13000090184-653ff03c-0bd1-4395-9539-c463cf8977cf&searchTerm=circuit&listNameOrder=CIRCUIT%20L060000400250,06/24/2013
"CIRCUIT ACADEMY, INC.",/Inquiry/CorporationSearch/SearchResultDetail?inquirytype=EntityName&directionType=Initial&searchNameOrder=CIRCUITACADEMY%20P190000537820&aggregateId=domp-p19000053782-688a2b49-c794-4fe6-8c33-0e6a7172c019&searchTerm=circuit&listNameOrder=CIRCUIT%20L060000400250,06/26/2019
"CIRCUIT AGAINST PRISON ESCAPEES, INC.",/Inquiry/CorporationSearch/SearchResultDetail?inquirytype=EntityName&directionType=Initial&searchNameOrder=CIRCUITAGAINSTPRISONESCAPEES%20N010000024900&aggregateId=domnp-n01000002490-3d9f4914-936d-4f84-b1b2-0c74219cd52b&searchTerm=circuit&listNameOrder=CIRCUIT%20L060000400250,04/05/2001
"CIRCUIT AMENITIES, LLC",/Inquiry/CorporationSearch/SearchResultDetail?inquirytype=EntityName&directionType=Initial&searchNameOrder=CIRCUITAMENITIES%20L220000899930&aggregateId=flal-l22000089993-d2da9040-8e77-482c-8fc4-be1e7e8f9431&searchTerm=circuit&listNameOrder=CIRCUIT%20L060000400250,01/26/2022
CIRCUIT ASSOCIATES INC,/Inquiry/CorporationSearch/SearchResultDetail?inquirytype=EntityName&directionType=Initial&searchNameOrder=CIRCUITASSOCIATES%203365630&aggregateId=domp-336563-d1f91b60-fd73-4464-81b5-3b51ec36d748&searchTerm=circuit&listNameOrder=CIRCUIT%20L060000400250,10/17/1968
CIRCUITBEARS LLC,/Inquiry/CorporationSearch/SearchResultDetail?inquirytype=EntityName&directionType=Initial&searchNameOrder=CIRCUITBEARS%20L190002967230&aggregateId=flal-l19000296723-4215754f-9c92-455d-9cf0-a2f553b079a1&searchTerm=circuit&listNameOrder=CIRCUIT%20L060000400250,12/04/2019
CIRCUITBEST CORP,/Inquiry/CorporationSearch/SearchResultDetail?inquirytype=EntityName&directionType=Initial&searchNameOrder=CIRCUITBEST%20P130000622820&aggregateId=domp-p13000062282-7092b34a-a613-4c5f-ab77-00aaf859bfdf&searchTerm=circuit&listNameOrder=CIRCUIT%20L060000400250,07/24/2013
"CIRCUITBOARD CHARITIES OF SOUTH GEORGIA, INC.",/Inquiry/CorporationSearch/SearchResultDetail?inquirytype=EntityName&directionType=Initial&searchNameOrder=CIRCUITBOARDCHARITIESSOUTHGEOR%20F160000017890&aggregateId=forp-f16000001789-62c63716-bda5-4a63-899a-b2c326844e90&searchTerm=circuit&listNameOrder=CIRCUIT%20L060000400250,04/15/2016
"CIRCUIT BOARD EXPRESS, INC.",/Inquiry/CorporationSearch/SearchResultDetail?inquirytype=EntityName&directionType=Initial&searchNameOrder=CIRCUITBOARDEXPRESS%20F980000052300&aggregateId=forp-f98000005230-adfce3d3-fb9d-4ffc-9297-6b40424229af&searchTerm=circuit&listNameOrder=CIRCUIT%20L060000400250,09/17/1998
CIRCUIT BOARD EXPRESS REALTY LLC,/Inquiry/CorporationSearch/SearchResultDetail?inquirytype=EntityName&directionType=Initial&searchNameOrder=CIRCUITBOARDEXPRESSREALTY%20M980000003170&aggregateId=forl-m98000000317-bcfa5d8b-2722-45fd-b39a-55268fbcd5bf&searchTerm=circuit&listNameOrder=CIRCUIT%20L060000400250,04/03/1998
"CIRCUIT BOARD REPAIR & REPLACEMENT DEPOT, INC.",/Inquiry/CorporationSearch/SearchResultDetail?inquirytype=EntityName&directionType=Initial&searchNameOrder=CIRCUITBOARDREPAIRREPLACEMENTD%20P050000446620&aggregateId=domp-p05000044662-afdc07c5-262b-4d50-9ba9-c0cdd3be06e8&searchTerm=circuit&listNameOrder=CIRCUIT%20L060000400250,03/24/2005
"CIRCUIT BOARD SOLUTIONS, LLC",/Inquiry/CorporationSearch/SearchResultDetail?inquirytype=EntityName&directionType=Initial&searchNameOrder=CIRCUITBOARDSOLUTIONS%20L030000403710&aggregateId=flal-l03000040371-6bb74370-eb77-4c05-bfe8-b02450261c6c&searchTerm=circuit&listNameOrder=CIRCUIT%20L060000400250,10/21/2003
"CIRCUIT BOARD SUPPLIES, INC.",/Inquiry/CorporationSearch/SearchResultDetail?inquirytype=EntityName&directionType=Initial&searchNameOrder=CIRCUITBOARDSUPPLIES%20J440690&aggregateId=domp-j44069-dd5bf063-a46d-492b-ac24-dbe4b23a71f2&searchTerm=circuit&listNameOrder=CIRCUIT%20L060000400250,11/25/1986
CIRCUIT BOARD TECH INC.,/Inquiry/CorporationSearch/SearchResultDetail?inquirytype=EntityName&directionType=Initial&searchNameOrder=CIRCUITBOARDTECH%20P030000350470&aggregateId=domp-p03000035047-3c745eb9-3658-4a79-935f-69038eb0480c&searchTerm=circuit&listNameOrder=CIRCUIT%20L060000400250,03/27/2003
"CIRCUIT BOARD WHOLESALERS, INC.",/Inquiry/CorporationSearch/SearchResultDetail?inquirytype=EntityName&directionType=ForwardList&searchNameOrder=CIRCUITBOARDWHOLESALERS%20P970001045380&aggregateId=domp-p97000104538-ff0a0edd-ab77-467a-937e-a96f00a46a48&searchTerm=circuit&listNameOrder=CIRCUITBOARDWHOLESALERS%20P970001045380,12/11/1997
"CIRCUIT BORED, LLC",/Inquiry/CorporationSearch/SearchResultDetail?inquirytype=EntityName&directionType=ForwardList&searchNameOrder=CIRCUITBORED%20L070001038490&aggregateId=flal-l07000103849-a0852013-8d25-40cd-9908-ef7944c3e5cd&searchTerm=circuit&listNameOrder=CIRCUITBOARDWHOLESALERS%20P970001045380,10/11/2007
"CIRCUIT BORED HALF MOON CAMP, LLC",/Inquiry/CorporationSearch/SearchResultDetail?inquirytype=EntityName&directionType=ForwardList&searchNameOrder=CIRCUITBOREDHALFMOONCAMP%20L100000663820&aggregateId=flal-l10000066382-99fd6ee7-ef15-47b7-9532-9dfbeb5560c8&searchTerm=circuit&listNameOrder=CIRCUITBOARDWHOLESALERS%20P970001045380,06/22/2010
"CIRCUIT BORED RANCH, LLC",/Inquiry/CorporationSearch/SearchResultDetail?inquirytype=EntityName&directionType=ForwardList&searchNameOrder=CIRCUITBOREDRANCH%20L080001010950&aggregateId=flal-l08000101095-7279b00b-66b7-4be8-8371-70e4e6f634c3&searchTerm=circuit&listNameOrder=CIRCUITBOARDWHOLESALERS%20P970001045380,10/28/2008
CIRCUITBOX33,/Inquiry/CorporationSearch/SearchResultDetail?inquirytype=EntityName&directionType=ForwardList&searchNameOrder=CIRCUITBOX33%20T130000008610&aggregateId=trade-t13000000861-faa7fc8d-526b-4dac-a76f-28ccbd088e58&searchTerm=circuit&listNameOrder=CIRCUITBOARDWHOLESALERS%20P970001045380,08/23/2013
"CIRCUIT BOY PRODUCTIONS, INC.",/Inquiry/CorporationSearch/SearchResultDetail?inquirytype=EntityName&directionType=ForwardList&searchNameOrder=CIRCUITBOYPRODUCTIONS%20P980001030500&aggregateId=domp-p98000103050-26937614-8be8-4ed7-959e-90eebe17c0b8&searchTerm=circuit&listNameOrder=CIRCUITBOARDWHOLESALERS%20P970001045380,12/10/1998
CIRCUIT BREAKER BROTHERS LLC,/Inquiry/CorporationSearch/SearchResultDetail?inquirytype=EntityName&directionType=ForwardList&searchNameOrder=CIRCUITBREAKERBROTHERS%20L190002808660&aggregateId=flal-l19000280866-31980d6d-a839-4725-b437-3ba5a8cacdd7&searchTerm=circuit&listNameOrder=CIRCUITBOARDWHOLESALERS%20P970001045380,11/25/2019
CIRCUIT BREAKERS INCORPORATED,/Inquiry/CorporationSearch/SearchResultDetail?inquirytype=EntityName&directionType=ForwardList&searchNameOrder=CIRCUITBREAKERS%20V538430&aggregateId=domp-v53843-0585dce8-a0f1-4c47-b08a-6573a5b26114&searchTerm=circuit&listNameOrder=CIRCUITBOARDWHOLESALERS%20P970001045380,07/24/1992
"CIRCUIT BREAKER SALES CO., INC.",/Inquiry/CorporationSearch/SearchResultDetail?inquirytype=EntityName&directionType=ForwardList&searchNameOrder=CIRCUITBREAKERSALES%20F180000014130&aggregateId=forp-f18000001413-77d8e78c-eebc-4833-8767-31a0d8a0f0fa&searchTerm=circuit&listNameOrder=CIRCUITBOARDWHOLESALERS%20P970001045380,03/22/2018
"CIRCUIT BREAKER SALES, LLC",/Inquiry/CorporationSearch/SearchResultDetail?inquirytype=EntityName&directionType=ForwardList&searchNameOrder=CIRCUITBREAKERSALES%20M200000060770&aggregateId=forl-m20000006077-618966af-b929-480d-8601-cede42366dcb&searchTerm=circuit&listNameOrder=CIRCUITBOARDWHOLESALERS%20P970001045380,07/06/2020
CIRCUIT BREAKER SALES & SERVICE INC.,/Inquiry/CorporationSearch/SearchResultDetail?inquirytype=EntityName&directionType=ForwardList&searchNameOrder=CIRCUITBREAKERSALESSERVICE%20P050000375530&aggregateId=domp-p05000037553-8fec9f86-5c67-4a3c-974f-bc17b9dbf30f&searchTerm=circuit&listNameOrder=CIRCUITBOARDWHOLESALERS%20P970001045380,03/10/2005
CIRCUIT CENTER INC.,/Inquiry/CorporationSearch/SearchResultDetail?inquirytype=EntityName&directionType=ForwardList&searchNameOrder=CIRCUITCENTER%20P100000935730&aggregateId=domp-p10000093573-b1901f3e-c887-4b88-8562-be1664429fe8&searchTerm=circuit&listNameOrder=CIRCUITBOARDWHOLESALERS%20P970001045380,11/16/2010
CIRCUIT CHEMICAL CORP.,/Inquiry/CorporationSearch/SearchResultDetail?inquirytype=EntityName&directionType=ForwardList&searchNameOrder=CIRCUITCHEMICAL%206655620&aggregateId=domp-665562-7edc9582-66db-4639-8378-3b207dc83c22&searchTerm=circuit&listNameOrder=CIRCUITBOARDWHOLESALERS%20P970001045380,04/01/1980
CIRCUIT CHURCH CORPORATION,/Inquiry/CorporationSearch/SearchResultDetail?inquirytype=EntityName&directionType=ForwardList&searchNameOrder=CIRCUITCHURCH%20N220000050050&aggregateId=domnp-n22000005005-4b234bee-5758-4b4d-8f40-c8c9f4427dac&searchTerm=circuit&listNameOrder=CIRCUITBOARDWHOLESALERS%20P970001045380,05/02/2022
CIRCUIT CIRCUS CORP.,/Inquiry/CorporationSearch/SearchResultDetail?inquirytype=EntityName&directionType=ForwardList&searchNameOrder=CIRCUITCIRCUS%20M088490&aggregateId=domp-m08849-6a7b69e9-4a4b-48d0-a6cf-1f2cd6d78d65&searchTerm=circuit&listNameOrder=CIRCUITBOARDWHOLESALERS%20P970001045380,12/12/1984
"CIRCUIT CITY CENTER OF FT. MYERS, LLC",/Inquiry/CorporationSearch/SearchResultDetail?inquirytype=EntityName&directionType=ForwardList&searchNameOrder=CIRCUITCITYCENTERFTMYERS%20L000000106740&aggregateId=flal-l00000010674-e5206e62-2608-4ab2-b3a4-31adce00d179&searchTerm=circuit&listNameOrder=CIRCUITBOARDWHOLESALERS%20P970001045380,09/01/2000
CIRCUITCITY.COM INC.,/Inquiry/CorporationSearch/SearchResultDetail?inquirytype=EntityName&directionType=ForwardList&searchNameOrder=CIRCUITCITYCOM%20F100000018690&aggregateId=forp-f10000001869-d2480dd7-913e-4679-a8b1-888a245e9809&searchTerm=circuit&listNameOrder=CIRCUITBOARDWHOLESALERS%20P970001045380,03/22/2010
"CIRCUITCITY.COM, INC.",/Inquiry/CorporationSearch/SearchResultDetail?inquirytype=EntityName&directionType=ForwardList&searchNameOrder=CIRCUITCITYCOM%20P090000478270&aggregateId=domp-p09000047827-550e8f11-b18b-4d46-9a2a-81d2b85d01b0&searchTerm=circuit&listNameOrder=CIRCUITBOARDWHOLESALERS%20P970001045380,06/01/2009
"CIRCUIT CITY PURCHASING COMPANY, LLC",/Inquiry/CorporationSearch/SearchResultDetail?inquirytype=EntityName&directionType=ForwardList&searchNameOrder=CIRCUITCITYPURCHASING%20M040000035530&aggregateId=forl-m04000003553-af598c07-6845-4d8e-9ebb-972d6f9c2a99&searchTerm=circuit&listNameOrder=CIRCUITBOARDWHOLESALERS%20P970001045380,08/30/2004
"CIRCUIT CITY STORES, INC.",/Inquiry/CorporationSearch/SearchResultDetail?inquirytype=EntityName&directionType=ForwardList&searchNameOrder=CIRCUITCITYSTORES%20P073260&aggregateId=forp-p07326-98f8bbbf-3d5e-4c88-91bd-86e8a222b948&searchTerm=circuit&listNameOrder=CIRCUITBOARDWHOLESALERS%20P970001045380,09/06/1985
CIRCUIT CLERK TECH SOLUTIONS LLC,/Inquiry/CorporationSearch/SearchResultDetail?inquirytype=EntityName&directionType=ForwardList&searchNameOrder=CIRCUITCLERKTECHSOLUTIONS%20L230001103160&aggregateId=flal-l23000110316-54912995-3e71-4d04-8e82-667d4e44cad6&searchTerm=circuit&listNameOrder=CIRCUITCLERKTECHSOLUTIONS%20L230001103160,03/02/2023
CIRCUIT CLINICAL SOLUTIONS INC.,/Inquiry/CorporationSearch/SearchResultDetail?inquirytype=EntityName&directionType=ForwardList&searchNameOrder=CIRCUITCLINICALSOLUTIONS%20F230000069200&aggregateId=forp-f23000006920-ab1eba4b-0f30-4d2c-9f0b-497a39edd62f&searchTerm=circuit&listNameOrder=CIRCUITCLERKTECHSOLUTIONS%20L230001103160,12/15/2023
CIRCUIT CLINICAL SOLUTIONS INC.,/Inquiry/CorporationSearch/SearchResultDetail?inquirytype=EntityName&directionType=ForwardList&searchNameOrder=CIRCUITCLINICALSOLUTIONS%20W230001306100&aggregateId=reject-w23000130610-49b31fe4-75a1-4bd3-8b35-bca6ddca2860&searchTerm=circuit&listNameOrder=CIRCUITCLERKTECHSOLUTIONS%20L230001103160,
"THE-CIRCUIT.COM, INC.",/Inquiry/CorporationSearch/SearchResultDetail?inquirytype=EntityName&directionType=ForwardList&searchNameOrder=CIRCUITCOM%20P000000296100&aggregateId=domp-p00000029610-9968642f-5e23-40ed-95bf-72f2085cb40b&searchTerm=circuit&listNameOrder=CIRCUITCLERKTECHSOLUTIONS%20L230001103160,03/17/2000
"CIRCUIT CONCEPTS, INC.",/Inquiry/CorporationSearch/SearchResultDetail?inquirytype=EntityName&directionType=ForwardList&searchNameOrder=CIRCUITCONCEPTS%20H683651&aggregateId=domp-h68365-d9ddd50e-9061-450a-aae9-b31409cc820e&searchTerm=circuit&listNameOrder=CIRCUITCLERKTECHSOLUTIONS%20L230001103160,07/26/1985
CIRCUIT CONNEX LLC,/Inquiry/CorporationSearch/SearchResultDetail?inquirytype=EntityName&directionType=ForwardList&searchNameOrder=CIRCUITCONNEX%20L090000913010&aggregateId=flal-l09000091301-fe95ef7c-49b8-4452-aa93-3743e7203700&searchTerm=circuit&listNameOrder=CIRCUITCLERKTECHSOLUTIONS%20L230001103160,09/22/2009
CIRCUIT CONSTRUCTION CORPORATION,/Inquiry/CorporationSearch/SearchResultDetail?inquirytype=EntityName&directionType=ForwardList&searchNameOrder=CIRCUITCONSTRUCTION%20G782670&aggregateId=domp-g78267-ef8c4d6f-59e1-4986-971a-742bce2574f8&searchTerm=circuit&listNameOrder=CIRCUITCLERKTECHSOLUTIONS%20L230001103160,01/05/1984
CIRCUIT COUNTRY CORP.,/Inquiry/CorporationSearch/SearchResultDetail?inquirytype=EntityName&directionType=ForwardList&searchNameOrder=CIRCUITCOUNTRY%20L590780&aggregateId=domp-l59078-c03148cc-9044-4069-821f-dd2215de2dba&searchTerm=circuit&listNameOrder=CIRCUITCLERKTECHSOLUTIONS%20L230001103160,03/22/1990
CIRCUIT CRAFT CORPORATION,/Inquiry/CorporationSearch/SearchResultDetail?inquirytype=EntityName&directionType=ForwardList&searchNameOrder=CIRCUITCRAFT%20F407420&aggregateId=domp-f40742-d382c193-3261-458d-9970-aa7d55c61cf1&searchTerm=circuit&listNameOrder=CIRCUITCLERKTECHSOLUTIONS%20L230001103160,08/18/1981
CIRCUIT DANCE LLC,/Inquiry/CorporationSearch/SearchResultDetail?inquirytype=EntityName&directionType=ForwardList&searchNameOrder=CIRCUITDANCE%20L230003328180&aggregateId=flal-l23000332818-a74d2b9b-8dac-4b90-917e-58a7ca5f6ac3&searchTerm=circuit&listNameOrder=CIRCUITCLERKTECHSOLUTIONS%20L230001103160,07/13/2023
CIRCUIT DEALS LLC,/Inquiry/CorporationSearch/SearchResultDetail?inquirytype=EntityName&directionType=ForwardList&searchNameOrder=CIRCUITDEALS%20L040000860100&aggregateId=flal-l04000086010-ab90aaea-c80b-455d-8a51-32b2bdb1c2c0&searchTerm=circuit&listNameOrder=CIRCUITCLERKTECHSOLUTIONS%20L230001103160,11/30/2004
"CIRCUIT DEPOT, INC.",/Inquiry/CorporationSearch/SearchResultDetail?inquirytype=EntityName&directionType=ForwardList&searchNameOrder=CIRCUITDEPOT%20P000000557031&aggregateId=domp-p00000055703-0186d5b2-31f2-408d-bd09-b91f202d4897&searchTerm=circuit&listNameOrder=CIRCUITCLERKTECHSOLUTIONS%20L230001103160,05/31/2000
CIRCUIT DEPOT FREE ZONE NV LLC,/Inquiry/CorporationSearch/SearchResultDetail?inquirytype=EntityName&directionType=ForwardList&searchNameOrder=CIRCUITDEPOTFREEZONENV%20L120000822230&aggregateId=flal-l12000082223-39e7205d-d045-4d4e-8b08-8fc19a79a498&searchTerm=circuit&listNameOrder=CIRCUITCLERKTECHSOLUTIONS%20L230001103160,06/21/2012
CIRCUIT DESIGN INCORPORATED,/Inquiry/CorporationSearch/SearchResultDetail?inquirytype=EntityName&directionType=ForwardList&searchNameOrder=CIRCUITDESIGN%20P060000547820&aggregateId=domp-p06000054782-aaf764a1-29be-4402-a04b-5f0557622335&searchTerm=circuit&listNameOrder=CIRCUITCLERKTECHSOLUTIONS%20L230001103160,04/17/2006
"CIRCUIT DESIGNS, INC.",/Inquiry/CorporationSearch/SearchResultDetail?inquirytype=EntityName&directionType=ForwardList&searchNameOrder=CIRCUITDESIGNS%20F359071&aggregateId=domp-f35907-44f57a57-a8e4-476a-aab1-56147857b39d&searchTerm=circuit&listNameOrder=CIRCUITCLERKTECHSOLUTIONS%20L230001103160,05/21/1981
"CIRCUIT DEVELOPERS, INC.",/Inquiry/CorporationSearch/SearchResultDetail?inquirytype=EntityName&directionType=ForwardList&searchNameOrder=CIRCUITDEVELOPERS%20M003550&aggregateId=domp-m00355-1d959eea-db95-429e-bbbf-d35e655f58d3&searchTerm=circuit&listNameOrder=CIRCUITCLERKTECHSOLUTIONS%20L230001103160,05/08/1984
"CIRCUIT DEVELOPMENT CO., INC.",/Inquiry/CorporationSearch/SearchResultDetail?inquirytype=EntityName&directionType=ForwardList&searchNameOrder=CIRCUITDEVELOPMENT%20L392020&aggregateId=domp-l39202-fd040de4-0c6d-4e83-8154-fa0e7da78a36&searchTerm=circuit&listNameOrder=CIRCUITCLERKTECHSOLUTIONS%20L230001103160,12/29/1989
"CIRCUIT DOCTORS, INC.",/Inquiry/CorporationSearch/SearchResultDetail?inquirytype=EntityName&directionType=ForwardList&searchNameOrder=CIRCUITDOCTORS%20P970000821500&aggregateId=domp-p97000082150-abd96561-05fb-409d-94de-081b2fb2cd09&searchTerm=circuit&listNameOrder=CIRCUITCLERKTECHSOLUTIONS%20L230001103160,09/23/1997
CIRCUIT DRILLING COMPANY DIVISION OF CIRCUIT TECHNOLOGY,/Inquiry/CorporationSearch/SearchResultDetail?inquirytype=EntityName&directionType=ForwardList&searchNameOrder=CIRCUITDRILLINGDIVISIONCIRCUIT%20H116010&aggregateId=domp-h11601-4f5bafc2-f888-44b7-b965-3fe9928bf85b&searchTerm=circuit&listNameOrder=CIRCUITCLERKTECHSOLUTIONS%20L230001103160,07/11/1984
CIRCUIT DU SOLEIL LLC,/Inquiry/CorporationSearch/SearchResultDetail?inquirytype=EntityName&directionType=ForwardList&searchNameOrder=CIRCUITDUSOLEIL%20L110001270080&aggregateId=flal-l11000127008-4d47b063-5126-4ebb-bae8-39db38deded4&searchTerm=circuit&listNameOrder=CIRCUITCLERKTECHSOLUTIONS%20L230001103160,11/07/2011
"CIRCUITECK, INCORPORATED",/Inquiry/CorporationSearch/SearchResultDetail?inquirytype=EntityName&directionType=ForwardList&searchNameOrder=CIRCUITECK%205763930&aggregateId=domp-576393-aec76524-57e3-44fa-9ee9-eda494e8b0de&searchTerm=circuit&listNameOrder=CIRCUITECK%205763930,06/21/1978
CIRCUITEK LLC,/Inquiry/CorporationSearch/SearchResultDetail?inquirytype=EntityName&directionType=ForwardList&searchNameOrder=CIRCUITEK%20L210004366050&aggregateId=flal-l21000436605-4d659aa5-adbd-4479-b80d-37e164daea02&searchTerm=circuit&listNameOrder=CIRCUITECK%205763930,10/05/2021
"CIRCUITEK, INC.",/Inquiry/CorporationSearch/SearchResultDetail?inquirytype=EntityName&directionType=ForwardList&searchNameOrder=CIRCUITEK%20P050000844250&aggregateId=domp-p05000084425-fb9040ad-0be0-43ab-bda4-a11101e769d3&searchTerm=circuit&listNameOrder=CIRCUITECK%205763930,06/13/2005
"CIRCUIT ELECTRIC, INC.",/Inquiry/CorporationSearch/SearchResultDetail?inquirytype=EntityName&directionType=ForwardList&searchNameOrder=CIRCUITELECTRIC%20F110000008770&aggregateId=forp-f11000000877-74ed6e12-73ae-4521-b1ef-492e18d5f184&searchTerm=circuit&listNameOrder=CIRCUITECK%205763930,02/25/2011
"CIRCUIT ELECTRIC, INC.",/Inquiry/CorporationSearch/SearchResultDetail?inquirytype=EntityName&directionType=ForwardList&searchNameOrder=CIRCUITELECTRIC%20F110000008771&aggregateId=forp-f11000000877-74ed6e12-73ae-4521-b1ef-492e18d5f184&searchTerm=circuit&listNameOrder=CIRCUITECK%205763930,02/25/2011
CIRCUIT ELECTRIC COMPANY INC.,/Inquiry/CorporationSearch/SearchResultDetail?inquirytype=EntityName&directionType=ForwardList&searchNameOrder=CIRCUITELECTRIC%20P970000590680&aggregateId=domp-p97000059068-33bdd302-5848-468c-ae43-c6969ddd4b8f&searchTerm=circuit&listNameOrder=CIRCUITECK%205763930,07/07/1997
"CIRCUIT ELECTRIC OF CENTRAL FLORIDA, INC.",/Inquiry/CorporationSearch/SearchResultDetail?inquirytype=EntityName&directionType=ForwardList&searchNameOrder=CIRCUITELECTRICCENTRALFLORIDA%20P020000523860&aggregateId=domp-p02000052386-395b5dfb-fb46-4523-b0ab-bcbc09359e57&searchTerm=circuit&listNameOrder=CIRCUITECK%205763930,05/08/2002
"CIRCUIT ELECTRIC CONTRACTORS ENGINEERS, INC.",/Inquiry/CorporationSearch/SearchResultDetail?inquirytype=EntityName&directionType=ForwardList&searchNameOrder=CIRCUITELECTRICCONTRACTORSENGI%20F110000008771&aggregateId=forp-f11000000877-74ed6e12-73ae-4521-b1ef-492e18d5f184&searchTerm=circuit&listNameOrder=CIRCUITECK%205763930,02/25/2011
CIRCUIT ELECTRIC SERVICES. INC.,/Inquiry/CorporationSearch/SearchResultDetail?inquirytype=EntityName&directionType=ForwardList&searchNameOrder=CIRCUITELECTRICSERVICES%20P030001298350&aggregateId=domp-p03000129835-2c15cf78-e4d6-4afe-a185-432861a36e6f&searchTerm=circuit&listNameOrder=CIRCUITECK%205763930,11/07/2003
CIRCUIT ELECTRIC SOLAR LLC,/Inquiry/CorporationSearch/SearchResultDetail?inquirytype=EntityName&directionType=ForwardList&searchNameOrder=CIRCUITELECTRICSOLAR%20L210002253830&aggregateId=flal-l21000225383-17e12632-755b-46f2-b5d6-c7c0c5ad455a&searchTerm=circuit&listNameOrder=CIRCUITECK%205763930,05/14/2021
"CIRCUIT ELECTRIC SOUTH, INC.",/Inquiry/CorporationSearch/SearchResultDetail?inquirytype=EntityName&directionType=ForwardList&searchNameOrder=CIRCUITELECTRICSOUTH%20F110000008770&aggregateId=forp-f11000000877-74ed6e12-73ae-4521-b1ef-492e18d5f184&searchTerm=circuit&listNameOrder=CIRCUITECK%205763930,02/25/2011
CIRCUIT ELECTRONICS LLC,/Inquiry/CorporationSearch/SearchResultDetail?inquirytype=EntityName&directionType=ForwardList&searchNameOrder=CIRCUITELECTRONICS%20L160001718420&aggregateId=flal-l16000171842-2eb5fb9c-7573-4b53-8ee1-6ba950a69ac5&searchTerm=circuit&listNameOrder=CIRCUITECK%205763930,09/14/2016
"CIRCUIT ENERGY SOLUTIONS, LLC",/Inquiry/CorporationSearch/SearchResultDetail?inquirytype=EntityName&directionType=ForwardList&searchNameOrder=CIRCUITENERGYSOLUTIONS%20L230005330890&aggregateId=flal-l23000533089-e16cdb26-4e56-4712-858d-2319e3f36b1f&searchTerm=circuit&listNameOrder=CIRCUITECK%205763930,11/30/2023
CIRCUIT ENGINEERING INC,/Inquiry/CorporationSearch/SearchResultDetail?inquirytype=EntityName&directionType=ForwardList&searchNameOrder=CIRCUITENGINEERING%202268860&aggregateId=domp-226886-d784d185-0b26-46de-9aee-45efba972c9e&searchTerm=circuit&listNameOrder=CIRCUITECK%205763930,08/12/1959
CIRCUIT ENGINEERING FLUID POWER INC.,/Inquiry/CorporationSearch/SearchResultDetail?inquirytype=EntityName&directionType=ForwardList&searchNameOrder=CIRCUITENGINEERINGFLUIDPOWER%20P940000640810&aggregateId=domp-p94000064081-49f8b019-d79a-4edc-bd21-4f4b95ae38bb&searchTerm=circuit&listNameOrder=CIRCUITECK%205763930,08/26/1994
CIRCUIT ENTERPRISES LLC,/Inquiry/CorporationSearch/SearchResultDetail?inquirytype=EntityName&directionType=ForwardList&searchNameOrder=CIRCUITENTERPRISES%20L210000193320&aggregateId=flal-l21000019332-8cbbff91-0522-4682-9b5e-f547d5bd8bb9&searchTerm=circuit&listNameOrder=CIRCUITECK%205763930,01/06/2021
CIRCUIT ENVIRONMENTAL LLC,/Inquiry/CorporationSearch/SearchResultDetail?inquirytype=EntityName&directionType=ForwardList&searchNameOrder=CIRCUITENVIRONMENTAL%20L200002973770&aggregateId=flal-l20000297377-cc6ec22f-02be-499f-b34f-ae8a2ac1694f&searchTerm=circuit&listNameOrder=CIRCUITECK%205763930,09/25/2020
"CIRCUIT EQUIPMENT & SUPPLY, INC.",/Inquiry/CorporationSearch/SearchResultDetail?inquirytype=EntityName&directionType=ForwardList&searchNameOrder=CIRCUITEQUIPMENTSUPPLY%206655610&aggregateId=domp-665561-1a7095d2-9d33-4275-ac0e-d89c34213e85&searchTerm=circuit&listNameOrder=CIRCUITECK%205763930,04/01/1980
CIRCUIT EQUIPMENT USA LLC,/Inquiry/CorporationSearch/SearchResultDetail?inquirytype=EntityName&directionType=ForwardList&searchNameOrder=CIRCUITEQUIPMENTUSA%20L210004567900&aggregateId=flal-l21000456790-b378a720-d95a-4898-8c19-58da678dee6e&searchTerm=circuit&listNameOrder=CIRCUITECK%205763930,10/20/2021
CIRCUIT EXPRESS CORPORATION,/Inquiry/CorporationSearch/SearchResultDetail?inquirytype=EntityName&directionType=ForwardList&searchNameOrder=CIRCUITEXPRESS%20P930000717970&aggregateId=domp-p93000071797-c852e408-fb82-4eb9-9b76-f3fe1d4e68c1&searchTerm=circuit&listNameOrder=CIRCUITECK%205763930,10/15/1993
"CIRCUIT AND FAMILY MEDIATORS, LLC",/Inquiry/CorporationSearch/SearchResultDetail?inquirytype=EntityName&directionType=ForwardList&searchNameOrder=CIRCUITFAMILYMEDIATORS%20L190001739710&aggregateId=flal-l19000173971-5b28a007-f6e5-4472-aa0a-68b479762276&searchTerm=circuit&listNameOrder=CIRCUITFAMILYMEDIATORS%20L190001739710,07/05/2019
"CIRCUIT FIT CLUB, LLC.",/Inquiry/CorporationSearch/SearchResultDetail?inquirytype=EntityName&directionType=ForwardList&searchNameOrder=CIRCUITFITCLUB%20L150000210120&aggregateId=flal-l15000021012-3ba698e4-254d-416a-9e7e-62ee52a80f17&searchTerm=circuit&listNameOrder=CIRCUITFAMILYMEDIATORS%20L190001739710,01/27/2015
"CIRCUITFIT CLUB, LLC.",/Inquiry/CorporationSearch/SearchResultDetail?inquirytype=EntityName&directionType=ForwardList&searchNameOrder=CIRCUITFITCLUB%20L150000210121&aggregateId=flal-l15000021012-3ba698e4-254d-416a-9e7e-62ee52a80f17&searchTerm=circuit&listNameOrder=CIRCUITFAMILYMEDIATORS%20L190001739710,01/27/2015
CIRCUIT FITNESS LLC,/Inquiry/CorporationSearch/SearchResultDetail?inquirytype=EntityName&directionType=ForwardList&searchNameOrder=CIRCUITFITNESS%20L050000244820&aggregateId=flal-l05000024482-aab3a247-9f1d-407b-a3f1-8cb2b4b172b2&searchTerm=circuit&listNameOrder=CIRCUITFAMILYMEDIATORS%20L190001739710,03/10/2005
"CIRCUIT FIVE, LLC",/Inquiry/CorporationSearch/SearchResultDetail?inquirytype=EntityName&directionType=ForwardList&searchNameOrder=CIRCUITFIVE%20L150000370430&aggregateId=flal-l15000037043-b6477918-0a0b-461b-ba9c-e94ccd9383a2&searchTerm=circuit&listNameOrder=CIRCUITFAMILYMEDIATORS%20L190001739710,02/27/2015
CIRCUIT FL 39A OF JEHOVAHS WITNESSES INC.,/Inquiry/CorporationSearch/SearchResultDetail?inquirytype=EntityName&directionType=ForwardList&searchNameOrder=CIRCUITFL39AJEHOVAHSWITNESSES%20N180000101300&aggregateId=domnp-n18000010130-4c789f6c-b6f4-4d2e-9d66-72f26fbf69eb&searchTerm=circuit&listNameOrder=CIRCUITFAMILYMEDIATORS%20L190001739710,09/20/2018
"CIRCUIT FLORIDA, INC.",/Inquiry/CorporationSearch/SearchResultDetail?inquirytype=EntityName&directionType=ForwardList&searchNameOrder=CIRCUITFLORIDA%20P210000585451&aggregateId=domp-p21000058545-4b7746e3-3349-4357-a72e-3d3ad023387c&searchTerm=circuit&listNameOrder=CIRCUITFAMILYMEDIATORS%20L190001739710,06/22/2021
"CIRCUIT FLORIDA CONDOMINIUM ASSOCIATION, INC.",/Inquiry/CorporationSearch/SearchResultDetail?inquirytype=EntityName&directionType=ForwardList&searchNameOrder=CIRCUITFLORIDACONDOMINIUMASSOC%20N230000091910&aggregateId=domnp-n23000009191-3f492154-24b1-4f5e-9884-330aa0e7d4ad&searchTerm=circuit&listNameOrder=CIRCUITFAMILYMEDIATORS%20L190001739710,07/31/2023
"CIRCUIT GENERAL PARTNER, INC.",/Inquiry/CorporationSearch/SearchResultDetail?inquirytype=EntityName&directionType=ForwardList&searchNameOrder=CIRCUITGENERALPARTNER%20F920000001010&aggregateId=forp-f92000000101-97976cd5-62aa-450e-8fd5-8fd3d89d6ab8&searchTerm=circuit&listNameOrder=CIRCUITFAMILYMEDIATORS%20L190001739710,11/04/1992
"THE CIRCUIT GIRLS, INC.",/Inquiry/CorporationSearch/SearchResultDetail?inquirytype=EntityName&directionType=ForwardList&searchNameOrder=CIRCUITGIRLS%20P070000424430&aggregateId=domp-p07000042443-12310c64-2a08-4f3c-9639-ceef1cf74e73&searchTerm=circuit&listNameOrder=CIRCUITFAMILYMEDIATORS%20L190001739710,04/04/2007
"CIRCUIT GIRLS, INC.",/Inquiry/CorporationSearch/SearchResultDetail?inquirytype=EntityName&directionType=ForwardList&searchNameOrder=CIRCUITGIRLS%20P990000868010&aggregateId=domp-p99000086801-936fc337-8a74-40e8-9b56-1b7c1a64b173&searchTerm=circuit&listNameOrder=CIRCUITFAMILYMEDIATORS%20L190001739710,10/01/1999
"THE CIRCUIT GROUP, LLC",/Inquiry/CorporationSearch/SearchResultDetail?inquirytype=EntityName&directionType=ForwardList&searchNameOrder=CIRCUITGROUP%20L150001147160&aggregateId=flal-l15000114716-4688245e-54f1-4cf2-99cb-f276110746f9&searchTerm=circuit&listNameOrder=CIRCUITFAMILYMEDIATORS%20L190001739710,07/02/2015
"CIRCUIT INDUSTRIES, INC.",/Inquiry/CorporationSearch/SearchResultDetail?inquirytype=EntityName&directionType=ForwardList&searchNameOrder=CIRCUITINDUSTRIES%205591300&aggregateId=domp-559130-61e80b6c-367a-4c46-a56c-a4f459b6d0c7&searchTerm=circuit&listNameOrder=CIRCUITFAMILYMEDIATORS%20L190001739710,02/07/1978
"CIRCUIT INDUSTRIES, INC.",/Inquiry/CorporationSearch/SearchResultDetail?inquirytype=EntityName&directionType=ForwardList&searchNameOrder=CIRCUITINDUSTRIES%20L935540&aggregateId=domp-l93554-99bd97ef-0637-47b9-a278-e175b8ca0686&searchTerm=circuit&listNameOrder=CIRCUITFAMILYMEDIATORS%20L190001739710,08/13/1990
CIRCUIT INSTRUMENTS INC,/Inquiry/CorporationSearch/SearchResultDetail?inquirytype=EntityName&directionType=ForwardList&searchNameOrder=CIRCUITINSTRUMENTS%208079671&aggregateId=forp-807967-8fdb0cbc-0ca0-456b-b055-3f921bc4c846&searchTerm=circuit&listNameOrder=CIRCUITFAMILYMEDIATORS%20L190001739710,08/16/1949
"CIRCUIT INTEGRATION SPECIALISTS, INC.",/Inquiry/CorporationSearch/SearchResultDetail?inquirytype=EntityName&directionType=ForwardList&searchNameOrder=CIRCUITINTEGRATIONSPECIALISTS%20P190000061980&aggregateId=domp-p19000006198-6047f801-f375-47d0-b45a-c26777bb369b&searchTerm=circuit&listNameOrder=CIRCUITFAMILYMEDIATORS%20L190001739710,01/16/2019
CIRCUIT INTERNATIONAL SERVICES CORPORATION,/Inquiry/CorporationSearch/SearchResultDetail?inquirytype=EntityName&directionType=ForwardList&searchNameOrder=CIRCUITINTERNATIONALSERVICES%20P930000577450&aggregateId=domp-p93000057745-1afad94e-3016-4d63-bb5e-2682c6c53c2c&searchTerm=circuit&listNameOrder=CIRCUITFAMILYMEDIATORS%20L190001739710,08/13/1993
"CIRCUIT INVESTMENTS, INC.",/Inquiry/CorporationSearch/SearchResultDetail?inquirytype=EntityName&directionType=ForwardList&searchNameOrder=CIRCUITINVESTMENTS%20H472240&aggregateId=domp-h47224-3ca31ca6-f573-44ed-98c7-50fbd6f92069&searchTerm=circuit&listNameOrder=CIRCUITFAMILYMEDIATORS%20L190001739710,03/14/1985
"CIRCUIT INVESTORS #2, LTD.",/Inquiry/CorporationSearch/SearchResultDetail?inquirytype=EntityName&directionType=ForwardList&searchNameOrder=CIRCUITINVESTORS2%20B920000000040&aggregateId=forlp-b92000000004-830558a3-dcc5-4cb4-9db2-948ea3a54b90&searchTerm=circuit&listNameOrder=CIRCUITFAMILYMEDIATORS%20L190001739710,11/04/1992
"CIRCUITIVITY SOLUTIONS, LLC",/Inquiry/CorporationSearch/SearchResultDetail?inquirytype=EntityName&directionType=ForwardList&searchNameOrder=CIRCUITIVITYSOLUTIONS%20L020000194950&aggregateId=flal-l02000019495-47f69e3a-b14e-4fe2-9965-3990d381660d&searchTerm=circuit&listNameOrder=CIRCUITFAMILYMEDIATORS%20L190001739710,08/01/2002
CIRCUIT LAND INC.,/Inquiry/CorporationSearch/SearchResultDetail?inquirytype=EntityName&directionType=ForwardList&searchNameOrder=CIRCUITLAND%20P090000911180&aggregateId=domp-p09000091118-f32202b1-cb40-439b-b897-b899e39d3461&searchTerm=circuit&listNameOrder=CIRCUITLAND%20P090000911180,11/04/2009
"CIRCUIT LENDERS, LLC",/Inquiry/CorporationSearch/SearchResultDetail?inquirytype=EntityName&directionType=ForwardList&searchNameOrder=CIRCUITLENDERS%20L070000668280&aggregateId=flal-l07000066828-bf89c9f1-761f-4e2e-9775-c6e4466b3621&searchTerm=circuit&listNameOrder=CIRCUITLAND%20P090000911180,06/25/2007
CIRCUIT OF LIFE ELECTRIC LLC,/Inquiry/CorporationSearch/SearchResultDetail?inquirytype=EntityName&directionType=ForwardList&searchNameOrder=CIRCUITLIFEELECTRIC%20L240001098400&aggregateId=flal-l24000109840-7d1b8724-5aba-4d8f-b064-dc898dd72ae2&searchTerm=circuit&listNameOrder=CIRCUITLAND%20P090000911180,03/04/2024
"CIRCUIT LIVING, INC.",/Inquiry/CorporationSearch/SearchResultDetail?inquirytype=EntityName&directionType=ForwardList&searchNameOrder=CIRCUITLIVING%20F180000036801&aggregateId=forp-f18000003680-82978cfe-d8c6-4820-a313-f2eed500f5aa&searchTerm=circuit&listNameOrder=CIRCUITLAND%20P090000911180,08/09/2018
CIRCUIT LOGISTIC GROUP LLC,/Inquiry/CorporationSearch/SearchResultDetail?inquirytype=EntityName&directionType=ForwardList&searchNameOrder=CIRCUITLOGISTICGROUP%20L210003610610&aggregateId=flal-l21000361061-8d381990-aa12-4702-b664-872b55d836d6&searchTerm=circuit&listNameOrder=CIRCUITLAND%20P090000911180,08/11/2021
CIRCUIT LOOP LLC,/Inquiry/CorporationSearch/SearchResultDetail?inquirytype=EntityName&directionType=ForwardList&searchNameOrder=CIRCUITLOOP%20L190000791360&aggregateId=flal-l19000079136-257df711-ee5d-4107-b09a-0cf054d9fd5f&searchTerm=circuit&listNameOrder=CIRCUITLAND%20P090000911180,03/21/2019
"CIRCUIT MANUFACTURER'S  SUPPLY, INC.",/Inquiry/CorporationSearch/SearchResultDetail?inquirytype=EntityName&directionType=ForwardList&searchNameOrder=CIRCUITMANUFACTURERSSUPPLY%20F704840&aggregateId=domp-f70484-653a1364-67c9-4e83-8c2a-ba375f440567&searchTerm=circuit&listNameOrder=CIRCUITLAND%20P090000911180,03/10/1982
"CIRCUIT MANUFACTURING, INC.",/Inquiry/CorporationSearch/SearchResultDetail?inquirytype=EntityName&directionType=ForwardList&searchNameOrder=CIRCUITMANUFACTURING%20V201490&aggregateId=domp-v20149-fbac095d-38d9-4a68-8dfa-3415e4d7c7ec&searchTerm=circuit&listNameOrder=CIRCUITLAND%20P090000911180,03/04/1992
"CIRCUIT MARINE, INC.",/Inquiry/CorporationSearch/SearchResultDetail?inquirytype=EntityName&directionType=ForwardList&searchNameOrder=CIRCUITMARINE%20P990000083140&aggregateId=domp-p99000008314-80fd802e-86ad-488a-865a-92dec8aac42b&searchTerm=circuit&listNameOrder=CIRCUITLAND%20P090000911180,01/25/1999
"CIRCUIT MASTER ASSEMBLY, INC.",/Inquiry/CorporationSearch/SearchResultDetail?inquirytype=EntityName&directionType=ForwardList&searchNameOrder=CIRCUITMASTERASSEMBLY%205685620&aggregateId=domp-568562-6ef9e55c-78f1-4228-a37d-baec5b1cbe3b&searchTerm=circuit&listNameOrder=CIRCUITLAND%20P090000911180,04/14/1978
CIRCUITMASTER BOARD REPAIR INC.,/Inquiry/CorporationSearch/SearchResultDetail?inquirytype=EntityName&directionType=ForwardList&searchNameOrder=CIRCUITMASTERBOARDREPAIR%20V609650&aggregateId=domp-v60965-ae5357a6-43f9-4dd8-a860-3bca03d008c3&searchTerm=circuit&listNameOrder=CIRCUITLAND%20P090000911180,08/31/1992
"CIRCUIT MASTERS, INC.",/Inquiry/CorporationSearch/SearchResultDetail?inquirytype=EntityName&directionType=ForwardList&searchNameOrder=CIRCUITMASTERS%204753120&aggregateId=domp-475312-e8cc5e2d-faea-416b-8d4e-f3c55664baa4&searchTerm=circuit&listNameOrder=CIRCUITLAND%20P090000911180,05/07/1975
"CIRCUIT MASTERS, INC.",/Inquiry/CorporationSearch/SearchResultDetail?inquirytype=EntityName&directionType=ForwardList&searchNameOrder=CIRCUITMASTERS%20J540310&aggregateId=domp-j54031-0b7f6e45-f73e-4aa8-a08f-75e64bbfec04&searchTerm=circuit&listNameOrder=CIRCUITLAND%20P090000911180,01/23/1987
"CIRCUIT MASTERS ELECTRIC, INC",/Inquiry/CorporationSearch/SearchResultDetail?inquirytype=EntityName&directionType=ForwardList&searchNameOrder=CIRCUITMASTERSELECTRIC%20F389620&aggregateId=domp-f38962-fdafa65a-df55-4e9b-a7c9-bc8eae2929fa&searchTerm=circuit&listNameOrder=CIRCUITLAND%20P090000911180,09/01/1981
"CIRCUIT MASTERS ELECTRIC FL, LLC",/Inquiry/CorporationSearch/SearchResultDetail?inquirytype=EntityName&directionType=ForwardList&searchNameOrder=CIRCUITMASTERSELECTRICFL%20L210002006930&aggregateId=flal-l21000200693-95717275-e37f-49fe-b0d4-91e305b31393&searchTerm=circuit&listNameOrder=CIRCUITLAND%20P090000911180,04/29/2021
"CIRCUIT MASTERS SECURITY, INC.",/Inquiry/CorporationSearch/SearchResultDetail?inquirytype=EntityName&directionType=ForwardList&searchNameOrder=CIRCUITMASTERSSECURITY%20P970000570210&aggregateId=domp-p97000057021-11f21f08-ca16-44d2-b161-ebc7c59eea37&searchTerm=circuit&listNameOrder=CIRCUITLAND%20P090000911180,06/27/1997
"THE CIRCUIT MIAMI, INC.",/Inquiry/CorporationSearch/SearchResultDetail?inquirytype=EntityName&directionType=ForwardList&searchNameOrder=CIRCUITMIAMI%20P240000089810&aggregateId=domp-p24000008981-d5e71516-0788-4fc8-afe7-c3ef8ab84313&searchTerm=circuit&listNameOrder=CIRCUITLAND%20P090000911180,02/02/2024
CIRCUIT MOTORSPORTS CORP,/Inquiry/CorporationSearch/SearchResultDetail?inquirytype=EntityName&directionType=ForwardList&searchNameOrder=CIRCUITMOTORSPORTS%20P090000102980&aggregateId=domp-p09000010298-74c6fe9c-8bd8-4be4-a564-35ef8ba4d4da&searchTerm=circuit&listNameOrder=CIRCUITLAND%20P090000911180,02/03/2009
"CIRCUIT NETWORK, INC.",/Inquiry/CorporationSearch/SearchResultDetail?inquirytype=EntityName&directionType=ForwardList&searchNameOrder=CIRCUITNETWORK%20S350730&aggregateId=domp-s35073-4ab3790e-55b1-4e28-80d1-5f382fee264b&searchTerm=circuit&listNameOrder=CIRCUITLAND%20P090000911180,02/28/1991
CIRCUIT NOIZE MAGAZINE LLC,/Inquiry/CorporationSearch/SearchResultDetail?inquirytype=EntityName&directionType=ForwardList&searchNameOrder=CIRCUITNOIZEMAGAZINE%20L990000049240&aggregateId=flal-l99000004924-06a40c03-6c2b-4c7a-b261-0205571d6395&searchTerm=circuit&listNameOrder=CIRCUITLAND%20P090000911180,08/10/1999
"CIRCUITO AA CINEMAS, INC.",/Inquiry/CorporationSearch/SearchResultDetail?inquirytype=EntityName&directionType=ForwardList&searchNameOrder=CIRCUITOAACINEMAS%20F548460&aggregateId=domp-f54846-78bafe1d-79fa-46b2-9943-d84bd7a99a8f&searchTerm=circuit&listNameOrder=CIRCUITOAACINEMAS%20F548460,12/22/1981
CIRCUITO AERONAUTICO LA ZAINA LLC,/Inquiry/CorporationSearch/SearchResultDetail?inquirytype=EntityName&directionType=ForwardList&searchNameOrder=CIRCUITOAERONAUTICOLAZAINA%20L180002370420&aggregateId=flal-l18000237042-35b65b13-9480-49d7-850c-582ababa50fd&searchTerm=circuit&listNameOrder=CIRCUITOAACINEMAS%20F548460,10/15/2018
"CIRCUITO CERRADO, INC.",/Inquiry/CorporationSearch/SearchResultDetail?inquirytype=EntityName&directionType=ForwardList&searchNameOrder=CIRCUITOCERRADO%20P020000972040&aggregateId=domp-p02000097204-516ad8e7-8e19-4f6f-9a6f-61900fb249b3&searchTerm=circuit&listNameOrder=CIRCUITOAACINEMAS%20F548460,09/09/2002
CIRCUITO C M Q INC,/Inquiry/CorporationSearch/SearchResultDetail?inquirytype=EntityName&directionType=ForwardList&searchNameOrder=CIRCUITOCMQ%202423540&aggregateId=domp-242354-f4c9a15f-d26d-4dfb-96a0-f72e94f623d8&searchTerm=circuit&listNameOrder=CIRCUITOAACINEMAS%20F548460,11/26/1960
CIRCUITODO LLC,/Inquiry/CorporationSearch/SearchResultDetail?inquirytype=EntityName&directionType=ForwardList&searchNameOrder=CIRCUITODO%20L160000462810&aggregateId=flal-l16000046281-a97fe6e3-ea18-436f-a185-e081d3109c86&searchTerm=circuit&listNameOrder=CIRCUITOAACINEMAS%20F548460,03/04/2016
CIRCUITO ENTERPRICE LLC,/Inquiry/CorporationSearch/SearchResultDetail?inquirytype=EntityName&directionType=ForwardList&searchNameOrder=CIRCUITOENTERPRICE%20L170001691390&aggregateId=flal-l17000169139-cdb76f1f-29ec-4c6e-93d7-29d74e31b3e8&searchTerm=circuit&listNameOrder=CIRCUITOAACINEMAS%20F548460,08/08/2017
CIRCUITO ENTERPRISES LLC,/Inquiry/CorporationSearch/SearchResultDetail?inquirytype=EntityName&directionType=ForwardList&searchNameOrder=CIRCUITOENTERPRISES%20L170001691391&aggregateId=flal-l17000169139-cdb76f1f-29ec-4c6e-93d7-29d74e31b3e8&searchTerm=circuit&listNameOrder=CIRCUITOAACINEMAS%20F548460,08/08/2017
"CIRCUITO INMOBILIARIO, LLC",/Inquiry/CorporationSearch/SearchResultDetail?inquirytype=EntityName&directionType=ForwardList&searchNameOrder=CIRCUITOINMOBILIARIO%20L120000863800&aggregateId=flal-l12000086380-383c1db2-3ec7-438e-95af-b7fe75d8d75f&searchTerm=circuit&listNameOrder=CIRCUITOAACINEMAS%20F548460,06/29/2012
"CIRCUITO INTERNET RADIO, LLC",/Inquiry/CorporationSearch/SearchResultDetail?inquirytype=EntityName&directionType=ForwardList&searchNameOrder=CIRCUITOINTERNETRADIO%20L190001273780&aggregateId=flal-l19000127378-67334fa7-9c83-4290-9a2f-d29c191f478e&searchTerm=circuit&listNameOrder=CIRCUITOAACINEMAS%20F548460,05/15/2019
"CIRCUITO LATINO DE POKER, LLC",/Inquiry/CorporationSearch/SearchResultDetail?inquirytype=EntityName&directionType=ForwardList&searchNameOrder=CIRCUITOLATINODEPOKER%20L040000709790&aggregateId=flal-l04000070979-aa07fa48-6611-49ca-a42d-505bcedba144&searchTerm=circuit&listNameOrder=CIRCUITOAACINEMAS%20F548460,09/30/2004
"CIRCUIT ONE, LLC",/Inquiry/CorporationSearch/SearchResultDetail?inquirytype=EntityName&directionType=ForwardList&searchNameOrder=CIRCUITONE%20L120001563240&aggregateId=flal-l12000156324-aeeaf885-9f1d-428f-9253-f237b4532a08&searchTerm=circuit&listNameOrder=CIRCUITOAACINEMAS%20F548460,12/14/2012
"CIRCUIT ONE FIRST STEP, INC",/Inquiry/CorporationSearch/SearchResultDetail?inquirytype=EntityName&directionType=ForwardList&searchNameOrder=CIRCUITONEFIRSTSTEP%20N210000003630&aggregateId=domnp-n21000000363-b6c5adbe-0b4e-499a-bf1a-03b91cf1dbc7&searchTerm=circuit&listNameOrder=CIRCUITOAACINEMAS%20F548460,01/08/2021
CIRCUIT ONE POWER SPORTS LLC,/Inquiry/CorporationSearch/SearchResultDetail?inquirytype=EntityName&directionType=ForwardList&searchNameOrder=CIRCUITONEPOWERSPORTS%20L210003882591&aggregateId=flal-l21000388259-a7407c23-c426-4966-9ed7-138c270cdb4b&searchTerm=circuit&listNameOrder=CIRCUITOAACINEMAS%20F548460,08/31/2021
CIRCUITO PLAY LLC,/Inquiry/CorporationSearch/SearchResultDetail?inquirytype=EntityName&directionType=ForwardList&searchNameOrder=CIRCUITOPLAY%20L220004292360&aggregateId=flal-l22000429236-a28a19c9-24e8-4741-a010-e5028ef630b7&searchTerm=circuit&listNameOrder=CIRCUITOAACINEMAS%20F548460,10/04/2022
"CIRCUITO SUR BOLETIN AGUADENSE, INC",/Inquiry/CorporationSearch/SearchResultDetail?inquirytype=EntityName&directionType=ForwardList&searchNameOrder=CIRCUITOSURBOLETINAGUADENSE%20P960000925230&aggregateId=domp-p96000092523-fc5e171f-b458-43cb-b6b6-79b8a8910854&searchTerm=circuit&listNameOrder=CIRCUITOAACINEMAS%20F548460,11/08/1996
"CIRCUITO TEATRAL MIAMI, LLC",/Inquiry/CorporationSearch/SearchResultDetail?inquirytype=EntityName&directionType=ForwardList&searchNameOrder=CIRCUITOTEATRALMIAMI%20L180000495180&aggregateId=flal-l18000049518-9e1539df-f722-4770-91b5-e94341f70f0c&searchTerm=circuit&listNameOrder=CIRCUITOAACINEMAS%20F548460,02/23/2018
CIRCUITOUSBLUR LLC,/Inquiry/CorporationSearch/SearchResultDetail?inquirytype=EntityName&directionType=ForwardList&searchNameOrder=CIRCUITOUSBLUR%20L230000057760&aggregateId=flal-l23000005776-be7a1c22-aa51-4dfd-8e21-8a54dbbd824c&searchTerm=circuit&listNameOrder=CIRCUITOAACINEMAS%20F548460,01/03/2023
CIRCUITOUS REALTY LLC,/Inquiry/CorporationSearch/SearchResultDetail?inquirytype=EntityName&directionType=ForwardList&searchNameOrder=CIRCUITOUSREALTY%20L150001901420&aggregateId=flal-l15000190142-6a48d1ec-8732-46df-8feb-ca23cae6499f&searchTerm=circuit&listNameOrder=CIRCUITOAACINEMAS%20F548460,11/10/2015
CIRCUIT PERMANENT JEWELRY LLC,/Inquiry/CorporationSearch/SearchResultDetail?inquirytype=EntityName&directionType=ForwardList&searchNameOrder=CIRCUITPERMANENTJEWELRY%20L230004369260&aggregateId=flal-l23000436926-1187d8de-a23b-4641-a269-b552b5ec3c8c&searchTerm=circuit&listNameOrder=CIRCUITOAACINEMAS%20F548460,09/20/2023
"CIRCUIT PLANET, LLC",/Inquiry/CorporationSearch/SearchResultDetail?inquirytype=EntityName&directionType=ForwardList&searchNameOrder=CIRCUITPLANET%20L080000268260&aggregateId=flal-l08000026826-0307e876-3596-4ac6-848b-8b5417acbefb&searchTerm=circuit&listNameOrder=CIRCUITOAACINEMAS%20F548460,03/14/2008
CIRCUITPLAY LLC,/Inquiry/CorporationSearch/SearchResultDetail?inquirytype=EntityName&directionType=ForwardList&searchNameOrder=CIRCUITPLAY%20L150000781820&aggregateId=flal-l15000078182-cbd27cdd-0d99-48e7-9d61-0a9813bb87ad&searchTerm=circuit&listNameOrder=CIRCUITPLAY%20L150000781820,05/04/2015
CIRCUIT POWER LLC,/Inquiry/CorporationSearch/SearchResultDetail?inquirytype=EntityName&directionType=ForwardList&searchNameOrder=CIRCUITPOWER%20L210003722920&aggregateId=flal-l21000372292-4c77b1ca-7fbe-4a29-8e14-ae27a49c049e&searchTerm=circuit&listNameOrder=CIRCUITPLAY%20L150000781820,08/19/2021
CIRCUITPOWER SERVICES LLC,/Inquiry/CorporationSearch/SearchResultDetail?inquirytype=EntityName&directionType=ForwardList&searchNameOrder=CIRCUITPOWERSERVICES%20L210004504800&aggregateId=flal-l21000450480-cebc820c-92bd-46f0-966e-0e372ccf31e4&searchTerm=circuit&listNameOrder=CIRCUITPLAY%20L150000781820,10/15/2021
CIRCUIT PRO,/Inquiry/CorporationSearch/SearchResultDetail?inquirytype=EntityName&directionType=ForwardList&searchNameOrder=CIRCUITPRO%20T070000000710&aggregateId=trade-t07000000071-2c1a5106-be39-4b09-a2aa-54c4d1a71259&searchTerm=circuit&listNameOrder=CIRCUITPLAY%20L150000781820,01/16/2007
"CIRCUIT PROPERTIES, INC.",/Inquiry/CorporationSearch/SearchResultDetail?inquirytype=EntityName&directionType=ForwardList&searchNameOrder=CIRCUITPROPERTIES%20P950000236060&aggregateId=domp-p95000023606-8d0e8b05-5712-458f-90d5-6930cb5f1ec5&searchTerm=circuit&listNameOrder=CIRCUITPLAY%20L150000781820,03/23/1995
"CIRCUIT-RACER.COM, LLC",/Inquiry/CorporationSearch/SearchResultDetail?inquirytype=EntityName&directionType=ForwardList&searchNameOrder=CIRCUITRACERCOM%20L100000734290&aggregateId=flal-l10000073429-1aa3ae45-9090-4560-8659-71dab8b77376&searchTerm=circuit&listNameOrder=CIRCUITPLAY%20L150000781820,07/13/2010
"CIRCUITREE, LLC",/Inquiry/CorporationSearch/SearchResultDetail?inquirytype=EntityName&directionType=ForwardList&searchNameOrder=CIRCUITREE%20L060000545570&aggregateId=flal-l06000054557-f9b8cd8e-f5b3-49ff-ae5b-dc27977a7b90&searchTerm=circuit&listNameOrder=CIRCUITPLAY%20L150000781820,05/18/2006
"CIRCUIT REPORTING, INC.",/Inquiry/CorporationSearch/SearchResultDetail?inquirytype=EntityName&directionType=ForwardList&searchNameOrder=CIRCUITREPORTING%20P950000388780&aggregateId=domp-p95000038878-014aca9e-7ac3-4282-b393-aead1ec15dbf&searchTerm=circuit&listNameOrder=CIRCUITPLAY%20L150000781820,05/15/1995
"CIRCUIT REPORTING SERVICE, INC.",/Inquiry/CorporationSearch/SearchResultDetail?inquirytype=EntityName&directionType=ForwardList&searchNameOrder=CIRCUITREPORTINGSERVICE%20P960000878340&aggregateId=domp-p96000087834-5fde1d5c-496e-451d-aee4-e4cd63da8c2c&searchTerm=circuit&listNameOrder=CIRCUITPLAY%20L150000781820,10/23/1996
"CIRCUIT REPRODUCTION COMPANY, INC.",/Inquiry/CorporationSearch/SearchResultDetail?inquirytype=EntityName&directionType=ForwardList&searchNameOrder=CIRCUITREPRODUCTION%20F010000045940&aggregateId=forp-f01000004594-95cda813-1d39-41e4-9ad4-1d37163e7194&searchTerm=circuit&listNameOrder=CIRCUITPLAY%20L150000781820,08/29/2001
CIRCUIT RESOURCES LLC,/Inquiry/CorporationSearch/SearchResultDetail?inquirytype=EntityName&directionType=ForwardList&searchNameOrder=CIRCUITRESOURCES%20L010000044750&aggregateId=flal-l01000004475-1fa64fb0-e31d-46ff-990c-ea9d59ab1b22&searchTerm=circuit&listNameOrder=CIRCUITPLAY%20L150000781820,03/20/2001
"CIRCUIT RESOURCES, INC.",/Inquiry/CorporationSearch/SearchResultDetail?inquirytype=EntityName&directionType=ForwardList&searchNameOrder=CIRCUITRESOURCES%20P960000448320&aggregateId=domp-p96000044832-df245da4-d17c-428a-9d08-cc15bff9b4e0&searchTerm=circuit&listNameOrder=CIRCUITPLAY%20L150000781820,05/20/1996
"CIRCUIT RIDER MINISTRIES, INC.",/Inquiry/CorporationSearch/SearchResultDetail?inquirytype=EntityName&directionType=ForwardList&searchNameOrder=CIRCUITRIDERMINISTRIES%20N970000053750&aggregateId=domnp-n97000005375-d67752c7-2011-4c27-8910-d2c0bf29c326&searchTerm=circuit&listNameOrder=CIRCUITPLAY%20L150000781820,09/19/1997
"CIRCUIT RIDERS, INC.",/Inquiry/CorporationSearch/SearchResultDetail?inquirytype=EntityName&directionType=ForwardList&searchNameOrder=CIRCUITRIDERS%20N373530&aggregateId=domnp-n37353-46a191ff-721d-490b-8ce4-88e3adb0483d&searchTerm=circuit&listNameOrder=CIRCUITPLAY%20L150000781820,03/26/1990
"CIRCUIT RIDERS OF FLORIDA, INC.",/Inquiry/CorporationSearch/SearchResultDetail?inquirytype=EntityName&directionType=ForwardList&searchNameOrder=CIRCUITRIDERSFLORIDA%20P010001098190&aggregateId=domp-p01000109819-d067675f-d068-4330-a08c-0184bce0fc5c&searchTerm=circuit&listNameOrder=CIRCUITPLAY%20L150000781820,11/15/2001
"CIRCUIT RIDERS INTERNATIONAL, INC.",/Inquiry/CorporationSearch/SearchResultDetail?inquirytype=EntityName&directionType=ForwardList&searchNameOrder=CIRCUITRIDERSINTERNATIONAL%20P950000357920&aggregateId=domp-p95000035792-1bc54edf-1a6b-4510-b1e0-a6b9e195f6dc&searchTerm=circuit&listNameOrder=CIRCUITPLAY%20L150000781820,05/08/1995
"CIRCUIT ROAD, LLC",/Inquiry/CorporationSearch/SearchResultDetail?inquirytype=EntityName&directionType=ForwardList&searchNameOrder=CIRCUITROAD%20L090000546460&aggregateId=flal-l09000054646-2428d9a8-f189-4572-984a-04fab61ee408&searchTerm=circuit&listNameOrder=CIRCUITPLAY%20L150000781820,06/05/2009
CIRCUIT ROAD AND LOUELLA LANE WATER IMPROVEMENT CORPORATION,/Inquiry/CorporationSearch/SearchResultDetail?inquirytype=EntityName&directionType=ForwardList&searchNameOrder=CIRCUITROADLOUELLALANEWATERIMP%20N980000014340&aggregateId=domnp-n98000001434-f695f77b-a46e-487d-a776-eaf4a9568500&searchTerm=circuit&listNameOrder=CIRCUITPLAY%20L150000781820,03/11/1998
"CIRCUITRONICS, INC.",/Inquiry/CorporationSearch/SearchResultDetail?inquirytype=EntityName&directionType=ForwardList&searchNameOrder=CIRCUITRONICS%20H240110&aggregateId=domp-h24011-04d60be7-5757-4fe0-b6b6-cd544879f73a&searchTerm=circuit&listNameOrder=CIRCUITPLAY%20L150000781820,09/26/1984
"CIRCUITRONICS, LLC",/Inquiry/CorporationSearch/SearchResultDetail?inquirytype=EntityName&directionType=ForwardList&searchNameOrder=CIRCUITRONICS%20L120001433570&aggregateId=flal-l12000143357-49337b90-fb8c-4f3b-bd3d-7666e70bae44&searchTerm=circuit&listNameOrder=CIRCUITPLAY%20L150000781820,11/09/2012
CIRCUITRONICS CORPORATION,/Inquiry/CorporationSearch/SearchResultDetail?inquirytype=EntityName&directionType=ForwardList&searchNameOrder=CIRCUITRONICS%20P950000915340&aggregateId=domp-p95000091534-1e7be268-637c-47b7-bd4d-9df49b5960b6&searchTerm=circuit&listNameOrder=CIRCUITRONICS%20P950000915340,11/29/1995
"CIRCUITRONICS OF CENTRAL FLORIDA, INC.",/Inquiry/CorporationSearch/SearchResultDetail?inquirytype=EntityName&directionType=ForwardList&searchNameOrder=CIRCUITRONICSCENTRALFLORIDA%20J119670&aggregateId=domp-j11967-47d01455-a5c9-4241-8b95-10c16a2c47eb&searchTerm=circuit&listNameOrder=CIRCUITRONICS%20P950000915340,04/28/1986
"CIRCUITRONIX, LLC",/Inquiry/CorporationSearch/SearchResultDetail?inquirytype=EntityName&directionType=ForwardList&searchNameOrder=CIRCUITRONIX%20L020000266390&aggregateId=flal-l02000026639-4f220108-5211-4b0c-96f6-d32c3bb58590&searchTerm=circuit&listNameOrder=CIRCUITRONICS%20P950000915340,10/09/2002
"CIRCUIT R & R, INC.",/Inquiry/CorporationSearch/SearchResultDetail?inquirytype=EntityName&directionType=ForwardList&searchNameOrder=CIRCUITRR%20P010000750010&aggregateId=domp-p01000075001-04a61f7d-4d3c-4fc2-982a-64d3174c334a&searchTerm=circuit&listNameOrder=CIRCUITRONICS%20P950000915340,07/27/2001
"CIRCUITRY.AI, INC.",/Inquiry/CorporationSearch/SearchResultDetail?inquirytype=EntityName&directionType=ForwardList&searchNameOrder=CIRCUITRYAI%20F230000068290&aggregateId=forp-f23000006829-625b3889-e22f-4cef-b839-3519af1d5670&searchTerm=circuit&listNameOrder=CIRCUITRONICS%20P950000915340,12/08/2023
"CIRCUIT RYDER ELECTRIC, INC.",/Inquiry/CorporationSearch/SearchResultDetail?inquirytype=EntityName&directionType=ForwardList&searchNameOrder=CIRCUITRYDERELECTRIC%20P120000237740&aggregateId=domp-p12000023774-8c5b49a6-36f8-4121-9a19-0f557284ad27&searchTerm=circuit&listNameOrder=CIRCUITRONICS%20P950000915340,03/09/2012
"CIRCUITRY RECORDS & PRODUCTIONS, LLC",/Inquiry/CorporationSearch/SearchResultDetail?inquirytype=EntityName&directionType=ForwardList&searchNameOrder=CIRCUITRYRECORDSPRODUCTIONS%20L070000340060&aggregateId=flal-l07000034006-174bdc80-2ab1-4edd-8639-344b704c2923&searchTerm=circuit&listNameOrder=CIRCUITRONICS%20P950000915340,03/30/2007
CIRCUITRYX LLC,/Inquiry/CorporationSearch/SearchResultDetail?inquirytype=EntityName&directionType=ForwardList&searchNameOrder=CIRCUITRYX%20L230002225040&aggregateId=flal-l23000222504-21cf6fd0-b795-474b-b878-7dfc699faa4f&searchTerm=circuit&listNameOrder=CIRCUITRONICS%20P950000915340,05/05/2023
CIRCUITS INCORPORATED,/Inquiry/CorporationSearch/SearchResultDetail?inquirytype=EntityName&directionType=ForwardList&searchNameOrder=CIRCUITS%20H312750&aggregateId=domp-h31275-a00cc371-4dcb-4c2c-a9e2-c1fac2d7c4d7&searchTerm=circuit&listNameOrder=CIRCUITRONICS%20P950000915340,11/26/1984
"CIRCUITS, LLC",/Inquiry/CorporationSearch/SearchResultDetail?inquirytype=EntityName&directionType=ForwardList&searchNameOrder=CIRCUITS%20M110000028320&aggregateId=forl-m11000002832-554fb749-3e6f-4136-a187-2527598d21cd&searchTerm=circuit&listNameOrder=CIRCUITRONICS%20P950000915340,06/02/2011
"CIRCUITS, LLC",/Inquiry/CorporationSearch/SearchResultDetail?inquirytype=EntityName&directionType=ForwardList&searchNameOrder=CIRCUITS%20M160000103760&aggregateId=forl-m16000010376-f51060d2-d724-48fa-a3d9-f4c1701ef06d&searchTerm=circuit&listNameOrder=CIRCUITRONICS%20P950000915340,12/28/2016
CIRCUITS 28 LLC,/Inquiry/CorporationSearch/SearchResultDetail?inquirytype=EntityName&directionType=ForwardList&searchNameOrder=CIRCUITS28%20L200003809390&aggregateId=flal-l20000380939-f466f05e-15b5-49a1-b966-97d2dbc75bc5&searchTerm=circuit&listNameOrder=CIRCUITRONICS%20P950000915340,12/07/2020
CIRCUIT SALES INTERNATIONAL COMPONENTS CORP.,/Inquiry/CorporationSearch/SearchResultDetail?inquirytype=EntityName&directionType=ForwardList&searchNameOrder=CIRCUITSALESINTERNATIONALCOMPO%20F020000029480&aggregateId=forp-f02000002948-1bc22afb-ed66-486c-95c9-d4d98d8e38cb&searchTerm=circuit&listNameOrder=CIRCUITRONICS%20P950000915340,06/11/2002
"CIRCUIT SATELLITE SYSTEMS, INC.",/Inquiry/CorporationSearch/SearchResultDetail?inquirytype=EntityName&directionType=ForwardList&searchNameOrder=CIRCUITSATELLITESYSTEMS%20S472790&aggregateId=domp-s47279-333d4896-fb84-497d-a696-f7a8d6dedbed&searchTerm=circuit&listNameOrder=CIRCUITRONICS%20P950000915340,04/23/1991
CIRCUIT SAVERS INC,/Inquiry/CorporationSearch/SearchResultDetail?inquirytype=EntityName&directionType=ForwardList&searchNameOrder=CIRCUITSAVERS%20L963960&aggregateId=domp-l96396-4e2487b5-4765-47ff-a2f1-195e73fe0b58&searchTerm=circuit&listNameOrder=CIRCUITRONICS%20P950000915340,08/24/1990
CIRCUIT SAVVY INC,/Inquiry/CorporationSearch/SearchResultDetail?inquirytype=EntityName&directionType=ForwardList&searchNameOrder=CIRCUITSAVVY%20P140000147260&aggregateId=domp-p14000014726-763dd3b3-88d6-41b9-92b7-ae3e898c629d&searchTerm=circuit&listNameOrder=CIRCUITRONICS%20P950000915340,02/17/2014
"CIRCUITS & BUMPS, INC.",/Inquiry/CorporationSearch/SearchResultDetail?inquirytype=EntityName&directionType=ForwardList&searchNameOrder=CIRCUITSBUMPS%20P930000569960&aggregateId=domp-p93000056996-70db4e37-ba39-417b-9d86-d7affc9bf314&searchTerm=circuit&listNameOrder=CIRCUITRONICS%20P950000915340,08/09/1993
"CIRCUIT SCAN, INC.",/Inquiry/CorporationSearch/SearchResultDetail?inquirytype=EntityName&directionType=ForwardList&searchNameOrder=CIRCUITSCAN%20L410370&aggregateId=domp-l41037-aa5ff803-2f33-455c-a4ec-0ea5a49d1d10&searchTerm=circuit&listNameOrder=CIRCUITRONICS%20P950000915340,01/03/1990
"CIRCUIT SEARCH, INC.",/Inquiry/CorporationSearch/SearchResultDetail?inquirytype=EntityName&directionType=ForwardList&searchNameOrder=CIRCUITSEARCH%20P990000723740&aggregateId=domp-p99000072374-51a8aae4-c973-45e9-b6b5-79c7d5b6e980&searchTerm=circuit&listNameOrder=CIRCUITRONICS%20P950000915340,08/13/1999
CIRCUIT SENSE INC.,/Inquiry/CorporationSearch/SearchResultDetail?inquirytype=EntityName&directionType=ForwardList&searchNameOrder=CIRCUITSENSE%20P090000116630&aggregateId=domp-p09000011663-b05d8f7e-842d-4b6c-9049-215bcbd67f23&searchTerm=circuit&listNameOrder=CIRCUITRONICS%20P950000915340,02/06/2009
"CIRCUIT SERVICES, INC.",/Inquiry/CorporationSearch/SearchResultDetail?inquirytype=EntityName&directionType=ForwardList&searchNameOrder=CIRCUITSERVICES%206343701&aggregateId=domp-634370-691867bd-d2ae-4f72-8273-23ddbc35c4dc&searchTerm=circuit&listNameOrder=CIRCUITSERVICES%206343701,08/30/1979
CIRCUIT SERVICES CORPORATION,/Inquiry/CorporationSearch/SearchResultDetail?inquirytype=EntityName&directionType=ForwardList&searchNameOrder=CIRCUITSERVICES%20P950000007520&aggregateId=domp-p95000000752-af38a957-f00a-4ca5-a4af-acee4a5be97b&searchTerm=circuit&listNameOrder=CIRCUITSERVICES%206343701,01/04/1995
CIRCUIT SERVICES INTERNATIONAL INC.,/Inquiry/CorporationSearch/SearchResultDetail?inquirytype=EntityName&directionType=ForwardList&searchNameOrder=CIRCUITSERVICESINTERNATIONAL%20P060000604200&aggregateId=domp-p06000060420-28228a15-134e-4423-8387-e2e151b6a4ba&searchTerm=circuit&listNameOrder=CIRCUITSERVICES%206343701,04/27/2006
CIRCUITS & GEARS INC.,/Inquiry/CorporationSearch/SearchResultDetail?inquirytype=EntityName&directionType=ForwardList&searchNameOrder=CIRCUITSGEARS%20P020000941070&aggregateId=domp-p02000094107-dcea4bf1-4b7b-40ef-8cec-9a7a8363dcf5&searchTerm=circuit&listNameOrder=CIRCUITSERVICES%206343701,08/29/2002
CIRCUIT SHOP LLC,/Inquiry/CorporationSearch/SearchResultDetail?inquirytype=EntityName&directionType=ForwardList&searchNameOrder=CIRCUITSHOP%20L190002415890&aggregateId=flal-l19000241589-ef9d688b-d270-4484-a9bd-0c2f1df2f2f3&searchTerm=circuit&listNameOrder=CIRCUITSERVICES%206343701,09/24/2019
CIRCUIT SHOP AUDIO LLC,/Inquiry/CorporationSearch/SearchResultDetail?inquirytype=EntityName&directionType=ForwardList&searchNameOrder=CIRCUITSHOPAUDIO%20L220004105230&aggregateId=flal-l22000410523-6e65e5ec-78f4-405b-a130-67ba9ceb07c0&searchTerm=circuit&listNameOrder=CIRCUITSERVICES%206343701,09/20/2022
"CIRCUITSMITHS, LLC",/Inquiry/CorporationSearch/SearchResultDetail?inquirytype=EntityName&directionType=ForwardList&searchNameOrder=CIRCUITSMITHS%20L070000660260&aggregateId=flal-l07000066026-f331f0c3-c289-41c0-869d-b8c1b02025ff&searchTerm=circuit&listNameOrder=CIRCUITSERVICES%206343701,06/25/2007
CIRCUITS & MORE LLC,/Inquiry/CorporationSearch/SearchResultDetail?inquirytype=EntityName&directionType=ForwardList&searchNameOrder=CIRCUITSMORE%20L140000827880&aggregateId=flal-l14000082788-2d1104f9-c366-4a66-9f54-716d4654fb22&searchTerm=circuit&listNameOrder=CIRCUITSERVICES%206343701,05/22/2014
CIRCUITS & MORE LLC,/Inquiry/CorporationSearch/SearchResultDetail?inquirytype=EntityName&directionType=ForwardList&searchNameOrder=CIRCUITSMORE%20L170000808890&aggregateId=flal-l17000080889-162dfaf4-b84b-437b-b2e6-f30067bf7f23&searchTerm=circuit&listNameOrder=CIRCUITSERVICES%206343701,04/11/2017
"CIRCUIT SOLUTIONS ,LLC",/Inquiry/CorporationSearch/SearchResultDetail?inquirytype=EntityName&directionType=ForwardList&searchNameOrder=CIRCUITSOLUTIONS%20L160001457530&aggregateId=flal-l16000145753-b67fe521-afa6-430c-a652-89e951fdb93a&searchTerm=circuit&listNameOrder=CIRCUITSERVICES%206343701,08/08/2016
"CIRCUIT SOLUTIONS, INC.",/Inquiry/CorporationSearch/SearchResultDetail?inquirytype=EntityName&directionType=ForwardList&searchNameOrder=CIRCUITSOLUTIONS%20P140000085180&aggregateId=domp-p14000008518-d088c049-01c3-453f-b483-fc96d9e53898&searchTerm=circuit&listNameOrder=CIRCUITSERVICES%206343701,01/28/2014
"CIRCUIT SOURCE, INC.",/Inquiry/CorporationSearch/SearchResultDetail?inquirytype=EntityName&directionType=ForwardList&searchNameOrder=CIRCUITSOURCE%20P940000799290&aggregateId=domp-p94000079929-dd905efe-4d55-42d1-bdee-8b3f746d082f&searchTerm=circuit&listNameOrder=CIRCUITSERVICES%206343701,10/31/1994
CIRCUITS-PENNSYLVANIA LLC,/Inquiry/CorporationSearch/SearchResultDetail?inquirytype=EntityName&directionType=ForwardList&searchNameOrder=CIRCUITSPENNSYLVANIA%20M160000103760&aggregateId=forl-m16000010376-f51060d2-d724-48fa-a3d9-f4c1701ef06d&searchTerm=circuit&listNameOrder=CIRCUITSERVICES%206343701,12/28/2016
"CIRCUIT SQUARE,INC.",/Inquiry/CorporationSearch/SearchResultDetail?inquirytype=EntityName&directionType=ForwardList&searchNameOrder=CIRCUITSQUARE%206607400&aggregateId=domp-660740-d5681862-e7d7-4988-aa7a-eb5082203086&searchTerm=circuit&listNameOrder=CIRCUITSERVICES%206343701,03/26/1980
"CIRCUIT STORE US, LLC",/Inquiry/CorporationSearch/SearchResultDetail?inquirytype=EntityName&directionType=ForwardList&searchNameOrder=CIRCUITSTOREUS%20L070001160430&aggregateId=flal-l07000116043-02ef8c59-2ce1-40bd-817f-c912748490a3&searchTerm=circuit&listNameOrder=CIRCUITSERVICES%206343701,11/19/2007
CIRCUITS UP LLC,/Inquiry/CorporationSearch/SearchResultDetail?inquirytype=EntityName&directionType=ForwardList&searchNameOrder=CIRCUITSUP%20L140001235620&aggregateId=flal-l14000123562-46787baf-e150-4da7-b4db-9d8c9ef0265e&searchTerm=circuit&listNameOrder=CIRCUITSERVICES%206343701,08/06/2014
CIRCUIT SUPPLIERS INC.,/Inquiry/CorporationSearch/SearchResultDetail?inquirytype=EntityName&directionType=ForwardList&searchNameOrder=CIRCUITSUPPLIERS%20P090000796760&aggregateId=domp-p09000079676-705dfe88-ff9e-4ff8-976c-e97cade83f50&searchTerm=circuit&listNameOrder=CIRCUITSERVICES%206343701,09/24/2009
"CIRCUIT SYSTEMS, INC.",/Inquiry/CorporationSearch/SearchResultDetail?inquirytype=EntityName&directionType=ForwardList&searchNameOrder=CIRCUITSYSTEMS%204094830&aggregateId=domp-409483-efc8760f-8b6f-47d6-abab-0358ddcb4f67&searchTerm=circuit&listNameOrder=CIRCUITSERVICES%206343701,09/26/1972
"CIRCUIT SYSTEMS UNLIMITED, INC.",/Inquiry/CorporationSearch/SearchResultDetail?inquirytype=EntityName&directionType=ForwardList&searchNameOrder=CIRCUITSYSTEMSUNLIMITED%20L008300&aggregateId=domp-l00830-c43309f6-31af-4034-9b0b-5261d317ddb8&searchTerm=circuit&listNameOrder=CIRCUITSERVICES%206343701,07/10/1989
"CIRCUIT TAN, INC.",/Inquiry/CorporationSearch/SearchResultDetail?inquirytype=EntityName&directionType=ForwardList&searchNameOrder=CIRCUITTAN%20P010000330780&aggregateId=domp-p01000033078-0b36b5d6-5812-45e8-bb2a-ffa2458cb23b&searchTerm=circuit&listNameOrder=CIRCUITSERVICES%206343701,03/28/2001
"CIRCUIT TECH, LLC",/Inquiry/CorporationSearch/SearchResultDetail?inquirytype=EntityName&directionType=ForwardList&searchNameOrder=CIRCUITTECH%20L140000812110&aggregateId=flal-l14000081211-4ce24990-3169-4129-b077-695eb7526f5d&searchTerm=circuit&listNameOrder=CIRCUITTECH%20L140000812110,05/20/2014
CIRCUIT TECHNOLOGY CORPORATION,/Inquiry/CorporationSearch/SearchResultDetail?inquirytype=EntityName&directionType=ForwardList&searchNameOrder=CIRCUITTECHNOLOGY%20K221020&aggregateId=domp-k22102-51b951a9-cf51-41ce-8d60-b1e16da506fb&searchTerm=circuit&listNameOrder=CIRCUITTECH%20L140000812110,04/25/1988
"CIRCUIT TECHNOLOGY, INC.",/Inquiry/CorporationSearch/SearchResultDetail?inquirytype=EntityName&directionType=ForwardList&searchNameOrder=CIRCUITTECHNOLOGY%20P940000161700&aggregateId=domp-p94000016170-56493ecd-9777-4132-9813-7ca3b2120c02&searchTerm=circuit&listNameOrder=CIRCUITTECH%20L140000812110,03/01/1994
"CIRCUIT TECHNOLOGY, INC.",/Inquiry/CorporationSearch/SearchResultDetail?inquirytype=EntityName&directionType=ForwardList&searchNameOrder=CIRCUITTECHNOLOGY%20P960000908290&aggregateId=domp-p96000090829-aaebfa8a-578a-4a8f-8bfd-54eaac4fff11&searchTerm=circuit&listNameOrder=CIRCUITTECH%20L140000812110,11/05/1996
"CIRCUIT TEK, LLC",/Inquiry/CorporationSearch/SearchResultDetail?inquirytype=EntityName&directionType=ForwardList&searchNameOrder=CIRCUITTEK%20L200002681840&aggregateId=flal-l20000268184-7a005d67-2a38-4cf4-b13d-c116c8efa5c8&searchTerm=circuit&listNameOrder=CIRCUITTECH%20L140000812110,08/28/2020
CIRCUIT TELECOMMUNICATIONS LLC,/Inquiry/CorporationSearch/SearchResultDetail?inquirytype=EntityName&directionType=ForwardList&searchNameOrder=CIRCUITTELECOMMUNICATIONS%20L200003388860&aggregateId=flal-l20000338886-bca7f10c-bf11-4e7b-9969-ec0047ef18cb&searchTerm=circuit&listNameOrder=CIRCUITTECH%20L140000812110,10/26/2020
CIRCUIT TEST INC.,/Inquiry/CorporationSearch/SearchResultDetail?inquirytype=EntityName&directionType=ForwardList&searchNameOrder=CIRCUITTEST%20F184011&aggregateId=domp-f18401-59a53824-9ab4-44a7-b480-b936a20d01cd&searchTerm=circuit&listNameOrder=CIRCUITTECH%20L140000812110,02/05/1981
CIRCUIT TEST,/Inquiry/CorporationSearch/SearchResultDetail?inquirytype=EntityName&directionType=ForwardList&searchNameOrder=CIRCUITTEST%20T040960&aggregateId=trade-t04096-41698c92-f8c0-48ce-9f32-d3ad0c525672&searchTerm=circuit&listNameOrder=CIRCUITTECH%20L140000812110,10/21/1985
CIRCUIT TEST INTERNATIONAL LIMITED PARTNERSHIP,/Inquiry/CorporationSearch/SearchResultDetail?inquirytype=EntityName&directionType=ForwardList&searchNameOrder=CIRCUITTESTINTERNATIONAL%20A930000001160&aggregateId=domlp-a93000000116-e8799c7c-9872-4688-a261-cf63c2c131e3&searchTerm=circuit&listNameOrder=CIRCUITTECH%20L140000812110,02/02/1993
"CIRCUIT TEST INTERNATIONAL, L.C.",/Inquiry/CorporationSearch/SearchResultDetail?inquirytype=EntityName&directionType=ForwardList&searchNameOrder=CIRCUITTESTINTERNATIONAL%20Z006300&aggregateId=flal-z00630-81ab9855-1b16-42e5-b414-94d818edaa8b&searchTerm=circuit&listNameOrder=CIRCUITTECH%20L140000812110,08/13/1992
"CIRCUIT TEST INTERNATIONAL GRIT, L.L.C.",/Inquiry/CorporationSearch/SearchResultDetail?inquirytype=EntityName&directionType=ForwardList&searchNameOrder=CIRCUITTESTINTERNATIONALGRIT%20L130001217820&aggregateId=flal-l13000121782-5b2fc027-ec8c-419f-91e9-fc7b5d920efc&searchTerm=circuit&listNameOrder=CIRCUITTECH%20L140000812110,08/27/2013
CIRCUIT TOOL INC.,/Inquiry/CorporationSearch/SearchResultDetail?inquirytype=EntityName&directionType=ForwardList&searchNameOrder=CIRCUITTOOL%208534200&aggregateId=forp-853420-40729dd9-1317-485c-9e9b-d59fc398a6ab&searchTerm=circuit&listNameOrder=CIRCUITTECH%20L140000812110,07/12/1982
"CIRCUITTOYS, INC.",/Inquiry/CorporationSearch/SearchResultDetail?inquirytype=EntityName&directionType=ForwardList&searchNameOrder=CIRCUITTOYS%20P980000964000&aggregateId=domp-p98000096400-65f6bcfd-98d4-4f15-b5a9-f80c2b06973a&searchTerm=circuit&listNameOrder=CIRCUITTECH%20L140000812110,11/12/1998
"CIRCUIT TRAINING BY JEANA, LLC",/Inquiry/CorporationSearch/SearchResultDetail?inquirytype=EntityName&directionType=ForwardList&searchNameOrder=CIRCUITTRAININGBYJEANA%20L190001627680&aggregateId=flal-l19000162768-8348f2cf-3a01-4584-a373-faef8f84e3ed&searchTerm=circuit&listNameOrder=CIRCUITTECH%20L140000812110,06/20/2019
CIRCUIT TRANSIT INC.,/Inquiry/CorporationSearch/SearchResultDetail?inquirytype=EntityName&directionType=ForwardList&searchNameOrder=CIRCUITTRANSIT%20P180000187521&aggregateId=domp-p18000018752-2753c32f-6f6a-416d-9a28-a5522691e6b2&searchTerm=circuit&listNameOrder=CIRCUITTECH%20L140000812110,02/27/2018
CIRCUIT TRAVEL CORP.,/Inquiry/CorporationSearch/SearchResultDetail?inquirytype=EntityName&directionType=ForwardList&searchNameOrder=CIRCUITTRAVEL%20P970000319330&aggregateId=domp-p97000031933-46be8c61-787a-4ce9-9edd-5c70b7c2020b&searchTerm=circuit&listNameOrder=CIRCUITTECH%20L140000812110,04/09/1997
"CIRCUIT TREE, INC.",/Inquiry/CorporationSearch/SearchResultDetail?inquirytype=EntityName&directionType=ForwardList&searchNameOrder=CIRCUITTREE%20S800730&aggregateId=domp-s80073-8152ba64-0b10-4c57-b346-f175ffba2c75&searchTerm=circuit&listNameOrder=CIRCUITTECH%20L140000812110,09/13/1991
"CIRCUIT TREE HEALING, LLC",/Inquiry/CorporationSearch/SearchResultDetail?inquirytype=EntityName&directionType=ForwardList&searchNameOrder=CIRCUITTREEHEALING%20L150001797220&aggregateId=flal-l15000179722-bf27b837-d486-4ae1-b88a-b87154a05f56&searchTerm=circuit&listNameOrder=CIRCUITTECH%20L140000812110,10/22/2015
"CIRCUIT TREE HEALING, LLC",/Inquiry/CorporationSearch/SearchResultDetail?inquirytype=EntityName&directionType=ForwardList&searchNameOrder=CIRCUITTREEHEALING%20L180001059270&aggregateId=flal-l18000105927-887f6ee7-a8b3-4745-b458-7641214d0ee9&searchTerm=circuit&listNameOrder=CIRCUITTECH%20L140000812110,04/26/2018
CIRCUIT TRUCKING LLC,/Inquiry/CorporationSearch/SearchResultDetail?inquirytype=EntityName&directionType=ForwardList&searchNameOrder=CIRCUITTRUCKING%20L140000514600&aggregateId=flal-l14000051460-8adaea27-a0b0-4dd4-889e-db1fabea8819&searchTerm=circuit&listNameOrder=CIRCUITTECH%20L140000812110,03/28/2014
"CIRCUIT T.V. & RADIO, INC.",/Inquiry/CorporationSearch/SearchResultDetail?inquirytype=EntityName&directionType=ForwardList&searchNameOrder=CIRCUITTVRADIO%206694070&aggregateId=domp-669407-0062be62-75b5-4a9a-bd0c-f848ba7121a7&searchTerm=circuit&listNameOrder=CIRCUITTVRADIO%206694070,04/30/1980
"CIRCUIT T.V. & STEREO, INC.",/Inquiry/CorporationSearch/SearchResultDetail?inquirytype=EntityName&directionType=ForwardList&searchNameOrder=CIRCUITTVSTEREO%206694071&aggregateId=domp-669407-0062be62-75b5-4a9a-bd0c-f848ba7121a7&searchTerm=circuit&listNameOrder=CIRCUITTVRADIO%206694070,04/30/1980
CIRCUIT TV AND VIDEO INC.,/Inquiry/CorporationSearch/SearchResultDetail?inquirytype=EntityName&directionType=ForwardList&searchNameOrder=CIRCUITTVVIDEO%20P920000143060&aggregateId=domp-p92000014306-44c69a1e-7f23-411c-9640-a98b75ff51cd&searchTerm=circuit&listNameOrder=CIRCUITTVRADIO%206694070,12/21/1992
"CIRCUIT T.V. OF VOLUSIA, INC.",/Inquiry/CorporationSearch/SearchResultDetail?inquirytype=EntityName&directionType=ForwardList&searchNameOrder=CIRCUITTVVOLUSIA%20P950000707530&aggregateId=domp-p95000070753-f49d8761-328f-46df-b584-9fd4c5f5c384&searchTerm=circuit&listNameOrder=CIRCUITTVRADIO%206694070,09/12/1995
"CIRCUIT TWO FIRST STEP, INC.",/Inquiry/CorporationSearch/SearchResultDetail?inquirytype=EntityName&directionType=ForwardList&searchNameOrder=CIRCUITTWOFIRSTSTEP%20N170000114750&aggregateId=domnp-n17000011475-ecaaec00-102d-496d-8883-91241b597f9b&searchTerm=circuit&listNameOrder=CIRCUITTVRADIO%206694070,11/15/2017
CIRCUITU LLC,/Inquiry/CorporationSearch/SearchResultDetail?inquirytype=EntityName&directionType=ForwardList&searchNameOrder=CIRCUITU%20L180002171960&aggregateId=flal-l18000217196-05d88fde-de17-4ead-bceb-9a29b76285d6&searchTerm=circuit&listNameOrder=CIRCUITTVRADIO%206694070,09/12/2018
CIRCUIT USA CORP,/Inquiry/CorporationSearch/SearchResultDetail?inquirytype=EntityName&directionType=ForwardList&searchNameOrder=CIRCUITUSA%20P140000999170&aggregateId=domp-p14000099917-121a7eec-8611-49d3-a630-41e27dd395c9&searchTerm=circuit&listNameOrder=CIRCUITTVRADIO%206694070,12/16/2014
"CIRCUIT UTILITY CO., INC.",/Inquiry/CorporationSearch/SearchResultDetail?inquirytype=EntityName&directionType=ForwardList&searchNameOrder=CIRCUITUTILITY%20P930000108560&aggregateId=domp-p93000010856-6a8a5594-89a8-474e-8385-38e0cb895c9d&searchTerm=circuit&listNameOrder=CIRCUITTVRADIO%206694070,02/05/1993
CIRCUIT VALLEY LLC,/Inquiry/CorporationSearch/SearchResultDetail?inquirytype=EntityName&directionType=ForwardList&searchNameOrder=CIRCUITVALLEY%20L240000223380&aggregateId=flal-l24000022338-b8d80444-de7a-44b5-b233-75299eeed4ad&searchTerm=circuit&listNameOrder=CIRCUITTVRADIO%206694070,01/09/2024
"CIRCUITWERKES, INC.",/Inquiry/CorporationSearch/SearchResultDetail?inquirytype=EntityName&directionType=ForwardList&searchNameOrder=CIRCUITWERKES%20P000000099740&aggregateId=domp-p00000009974-e260be99-3908-4159-9ec4-b8ec72513b00&searchTerm=circuit&listNameOrder=CIRCUITTVRADIO%206694070,01/24/2000
"CIRCUITWERKES, INC.",/Inquiry/CorporationSearch/SearchResultDetail?inquirytype=EntityName&directionType=ForwardList&searchNameOrder=CIRCUITWERKES%20P020001337380&aggregateId=domp-p02000133738-18f827ae-1beb-4270-b366-471a7361f2d4&searchTerm=circuit&listNameOrder=CIRCUITTVRADIO%206694070,12/20/2002
CIRCUITWORKS INC.,/Inquiry/CorporationSearch/SearchResultDetail?inquirytype=EntityName&directionType=ForwardList&searchNameOrder=CIRCUITWORKS%20H716790&aggregateId=domp-h71679-dda8c2b7-cf76-4d0c-b1d5-a2a2aa7f49c5&searchTerm=circuit&listNameOrder=CIRCUITTVRADIO%206694070,08/16/1985
"CIRCUIT WORKS, LLC",/Inquiry/CorporationSearch/SearchResultDetail?inquirytype=EntityName&directionType=ForwardList&searchNameOrder=CIRCUITWORKS%20L040000398400&aggregateId=flal-l04000039840-db6fba50-3156-4470-b7d0-db05977cde19&searchTerm=circuit&listNameOrder=CIRCUITTVRADIO%206694070,05/26/2004
CIRCUIT WORKS LLC,/Inquiry/CorporationSearch/SearchResultDetail?inquirytype=EntityName&directionType=ForwardList&searchNameOrder=CIRCUITWORKS%20L240001142480&aggregateId=flal-l24000114248-61b322f9-7ecd-4a9b-9c23-9672a814359e&searchTerm=circuit&listNameOrder=CIRCUITTVRADIO%206694070,03/06/2024
"CIRCUIT WORKS, INC.",/Inquiry/CorporationSearch/SearchResultDetail?inquirytype=EntityName&directionType=ForwardList&searchNameOrder=CIRCUITWORKS%20L318040&aggregateId=domp-l31804-f991bf5d-50da-43be-afe1-6b8bcc076a37&searchTerm=circuit&listNameOrder=CIRCUITTVRADIO%206694070,11/20/1989
"CIRCUIT WORKS ELECTRONICS, LLC",/Inquiry/CorporationSearch/SearchResultDetail?inquirytype=EntityName&directionType=ForwardList&searchNameOrder=CIRCUITWORKSELECTRONICS%20L110000291550&aggregateId=flal-l11000029155-0c997951-71f7-4d52-ac94-2d96b035d694&searchTerm=circuit&listNameOrder=CIRCUITTVRADIO%206694070,03/09/2011
CIRCUIT ZONE LTD LLC,/Inquiry/CorporationSearch/SearchResultDetail?inquirytype=EntityName&directionType=ForwardList&searchNameOrder=CIRCUITZONE%20M110000020550&aggregateId=forl-m11000002055-c46d7d7a-5ae6-4669-a346-f251c6657e77&searchTerm=circuit&listNameOrder=CIRCUITTVRADIO%206694070,04/22/2011
"CIRCUL, INC.",/Inquiry/CorporationSearch/SearchResultDetail?inquirytype=EntityName&directionType=ForwardList&searchNameOrder=CIRCUL%20F240000000530&aggregateId=forp-f24000000053-a540f016-5448-4916-8e55-2242ab4b1f29&searchTerm=circuit&listNameOrder=CIRCUITTVRADIO%206694070,01/04/2024
"CIRCUL, INC.",/Inquiry/CorporationSearch/SearchResultDetail?inquirytype=EntityName&directionType=ForwardList&searchNameOrder=CIRCUL%20R230000002710&aggregateId=nres-r23000000271-aa89ff11-9baf-48a9-a716-99eb08f35ba2&searchTerm=circuit&listNameOrder=CIRCUITTVRADIO%206694070,11/20/2023
CIRCULAR INCORPORATED,/Inquiry/CorporationSearch/SearchResultDetail?inquirytype=EntityName&directionType=ForwardList&searchNameOrder=CIRCULAR%20P170000032080&aggregateId=domp-p17000003208-80ddac28-1f60-4806-b721-1b9df6ce08c6&searchTerm=circuit&listNameOrder=CIRCUITTVRADIO%206694070,01/09/2017
